temperature_2m_max,temperature_2m_min,temperature_2m_mean,rain_sum,precipitation_hours,wind_speed_10m_max,shortwave_radiation_sum,year,month,day,id
24.1,6.5,15.7,0.0,0.0,20.9,19.38,2020,1,1,"9168bd33-246f-4426-a1e6-35f9c6ddc83b"
21.0,11.2,15.5,0.0,0.0,22.5,18.14,2020,1,2,"24fc0826-4335-4657-bfb3-8781608262cc"
23.4,7.9,14.9,0.0,0.0,20.4,18.75,2020,1,3,"5fed7e99-8607-4d78-843c-943bcb6b33f7"
18.8,5.9,10.9,0.0,0.0,15.6,18.39,2020,1,4,"dbad9c2c-51f0-4744-86d1-aa5ee7d68377"
22.1,2.7,11.5,0.0,0.0,12.4,19.98,2020,1,5,"6cdb82d2-b37a-4775-958d-5115c331c6cc"
24.4,3.7,13.7,0.0,0.0,16.5,20.23,2020,1,6,"32043350-5009-4f7c-9db6-c91a5ffd0839"
20.8,7.6,14.1,0.0,0.0,20.5,20.44,2020,1,7,"f051dae0-950f-4d1c-b597-094daccf91fe"
22.3,5.2,12.6,0.0,0.0,16.6,19.77,2020,1,8,"77c179e3-d7ee-45b4-9595-7fa1963d2017"
24.0,6.1,14.2,0.0,0.0,16.2,20.07,2020,1,9,"6c7f57c4-d9c2-4f30-8ac1-6fcc783f5f2d"
24.5,4.7,14.4,0.0,0.0,21.3,20.63,2020,1,10,"0707117c-f3cd-462a-947f-454a91860b8c"
24.0,6.9,15.0,0.0,0.0,13.9,20.26,2020,1,11,"3141c0fc-932e-4424-98a4-3da599923daa"
24.4,5.5,14.5,0.0,0.0,13.3,20.12,2020,1,12,"0214deaa-e651-4465-940a-b597fa522c9e"
23.9,9.3,15.9,0.0,0.0,15.5,19.97,2020,1,13,"55eb05a7-54b9-43bc-9121-6d2fc064644b"
24.4,7.9,15.9,0.0,0.0,17.1,20.01,2020,1,14,"05e38129-99ea-4a3b-8277-a7caaad94b53"
24.1,10.6,16.4,0.0,0.0,14.3,17.45,2020,1,15,"d0bd273b-9b79-4c7c-9744-0c0ec1fbe46a"
22.8,12.1,16.3,1.4,7.0,21.9,16.63,2020,1,16,"83fc51c0-58e9-46b4-a72b-d7331389a360"
23.4,8.8,15.3,0.0,0.0,18.9,18.95,2020,1,17,"b5985bf2-9aac-4f5c-a377-430bc0cabf30"
22.1,9.5,15.3,1.3,4.0,18.5,16.88,2020,1,18,"6908194b-9318-4cc2-a708-0d821fb54f3f"
18.1,11.5,13.8,3.3,12.0,18.1,10.47,2020,1,19,"d9c8e1d8-9a88-46ef-b091-0d6fa44df4a7"
17.1,8.0,12.2,1.9,4.0,15.1,12.37,2020,1,20,"682f18b5-7539-4a59-8584-defc8950b7cd"
17.3,4.3,10.1,0.0,0.0,11.8,17.56,2020,1,21,"59d5dfc0-3982-4f9e-bd64-79257143ea95"
21.2,4.4,12.6,0.0,0.0,20.7,20.76,2020,1,22,"a91fa402-5359-408d-a47c-c3a7cefca2bb"
19.6,5.2,12.5,0.0,0.0,16.7,14.58,2020,1,23,"a764819a-1cbe-4c73-9929-eb831a71cdb7"
19.5,10.1,13.9,0.1,1.0,13.9,15.16,2020,1,24,"9dbaaabf-74e7-41c0-acdd-63f0b077033e"
22.0,6.4,14.0,0.0,0.0,18.9,18.91,2020,1,25,"e4e7ef5e-6b05-4f90-8e1a-fb548d5d9a78"
21.4,5.7,13.9,0.0,0.0,14.8,18.34,2020,1,26,"f2366f51-f521-479f-ab1c-77b477af872a"
24.0,7.4,15.1,0.0,0.0,15.9,21.75,2020,1,27,"21f83fd5-2a75-4cca-b55f-2e14f3ba6e63"
23.1,1.4,13.0,0.0,0.0,18.0,21.99,2020,1,28,"dbb6c5b3-f471-4910-81e6-fb6f33adf8b1"
23.3,5.5,13.8,0.0,0.0,24.8,22.09,2020,1,29,"6ac052dc-f2fe-461f-a767-cfa36e000924"
22.2,6.5,14.9,0.0,0.0,22.4,20.32,2020,1,30,"34935a88-c1bd-40c6-898a-ce7f11e3d69a"
22.6,7.3,14.8,0.1,1.0,21.0,18.14,2020,1,31,"096b2529-62b1-478c-99ef-31e29717bffe"
28.1,9.8,18.9,0.0,0.0,20.6,23.97,2020,3,1,"c671464d-8dfe-4522-a6b6-c3ce9f115034"
27.9,13.1,19.9,0.0,0.0,22.9,22.01,2020,3,2,"e7d0a8c2-a834-41ee-bf02-bcc9f8a69619"
26.4,9.5,18.7,0.0,0.0,24.2,25.93,2020,3,3,"47c35f48-b401-4207-b78d-1c0c98477cb4"
28.0,7.5,18.2,0.0,0.0,22.9,26.24,2020,3,4,"24b2e8c4-68c8-47d9-8e2d-54edd08f3df3"
27.9,10.9,18.0,0.0,0.0,22.3,24.38,2020,3,5,"3fede17a-2a3c-473c-89ce-a4a53e798253"
23.9,7.5,13.7,0.1,1.0,23.1,21.27,2020,3,6,"aac4747e-0aff-4471-82c4-cc02cebb10ce"
25.4,5.6,14.3,0.0,0.0,19.2,23.98,2020,3,7,"d379a9d4-baad-4174-90ef-69ce2e2ec462"
26.3,7.9,16.3,0.0,0.0,22.5,25.61,2020,3,8,"e8f90e33-dcaa-468b-afd1-7ca657c556ae"
27.2,7.9,17.8,0.0,0.0,21.6,25.42,2020,3,9,"590f8c06-9b2f-4bba-926a-fd1ffbd72c60"
27.2,10.0,18.1,0.1,1.0,21.6,23.93,2020,3,10,"090d2b94-f47d-4e5b-8768-38f661763e96"
26.4,11.9,18.7,0.0,0.0,17.4,22.09,2020,3,11,"196e7273-e0b5-4ee8-b951-a706934dbd4b"
27.6,11.7,20.2,0.0,0.0,18.1,23.48,2020,3,12,"7308f58f-4c30-4ab1-a9f9-7076d2630acc"
27.7,11.6,20.3,0.3,1.0,16.1,21.73,2020,3,13,"15528a89-3a47-45be-92e4-ce1470bdf20a"
28.2,14.0,20.6,0.1,1.0,24.0,23.4,2020,3,14,"44282a16-214c-4d6d-9a09-0a07dd4680df"
27.4,12.1,19.9,1.3,1.0,20.6,23.23,2020,3,15,"a692afe1-4fae-4f8d-9499-f67f33ab4920"
25.2,13.3,17.2,2.8,3.0,16.9,19.44,2020,3,16,"e0023806-af09-42fd-8975-62c756b83a7f"
24.9,10.8,18.0,0.1,1.0,15.3,24.46,2020,3,17,"b5b54660-64d6-493c-be46-4323d9acb7a8"
25.5,10.8,18.6,0.1,1.0,13.8,21.94,2020,3,18,"15580f66-9a12-48f8-b1cc-217d9e7f39d7"
28.4,12.3,20.3,0.6,3.0,23.8,24.13,2020,3,19,"b2f4f517-e740-4f92-be51-fc450067329b"
28.1,13.3,20.6,0.2,2.0,22.1,24.7,2020,3,20,"e0fee2b3-2a95-4d94-acae-5db8ffcda2a3"
25.1,14.1,18.8,1.8,7.0,14.3,21.71,2020,3,21,"3364cffd-3be0-48d1-a767-aeece57e5494"
27.8,10.9,19.2,0.0,0.0,13.8,26.59,2020,3,22,"60ea75c0-18f8-47a0-a37e-5805adf7624d"
28.8,11.0,19.9,0.0,0.0,17.1,28.59,2020,3,23,"2d94c000-22c4-4d3f-b995-e9acca25722c"
30.7,13.3,21.8,0.0,0.0,13.2,28.8,2020,3,24,"fff2176c-49f1-43d4-862c-0ece9d7c7e29"
31.0,11.3,21.8,0.0,0.0,21.0,28.55,2020,3,25,"33afe26b-03a6-44d6-baf6-9e9ff8a3061b"
31.4,11.2,21.3,0.0,0.0,21.2,28.84,2020,3,26,"727f4c30-8483-4aba-82ef-64a21481ea0c"
31.1,10.5,21.0,0.0,0.0,25.2,29.06,2020,3,27,"676650e8-7b50-4f97-8f40-9a8e4b3f7db3"
30.4,12.6,21.0,0.0,0.0,21.7,28.18,2020,3,28,"5d81a38c-3e7b-4c51-906a-1c452ad05199"
30.0,12.3,20.7,0.0,0.0,22.2,28.55,2020,3,29,"e39f7204-7396-4374-947a-ec7628186404"
29.6,11.5,20.8,0.0,0.0,20.8,28.53,2020,3,30,"917a7def-8e08-4e63-851b-299dbdd2a366"
28.9,14.1,21.3,0.0,0.0,23.0,28.76,2020,3,31,"db87bdc7-e1f3-479d-866b-dc4c09e32f66"
24.4,10.0,16.5,1.0,4.0,28.7,24.33,2020,5,1,"31c5ee17-926a-46df-a098-b7d16d906ec3"
26.2,8.1,18.2,0.0,0.0,24.3,27.74,2020,5,2,"bc0db556-c519-4e91-b32c-275ce179d4f6"
28.9,10.2,20.2,0.0,0.0,23.4,30.01,2020,5,3,"19f39eef-e5ab-4004-98d6-c749045c7e2b"
30.1,12.3,22.0,0.1,1.0,15.1,27.26,2020,5,4,"c7e79675-ca2a-483b-af96-9ee13731e377"
28.8,15.8,20.8,2.6,4.0,24.7,24.66,2020,5,5,"63ae8293-ffc9-49c2-b7ca-79bda558e19a"
25.6,13.4,18.4,5.0,10.0,23.5,24.97,2020,5,6,"df49429a-4f9d-459c-81f2-f176d88cc7bc"
21.5,12.8,16.3,0.6,2.0,19.1,20.59,2020,5,7,"3680e937-bbdc-4d24-85c4-7b466f7ebbfc"
23.5,8.6,16.8,0.9,4.0,9.9,24.94,2020,5,8,"0ec9fbab-8197-4375-912d-e37c7b3688d7"
22.2,11.6,16.3,1.7,7.0,16.2,21.99,2020,5,9,"8978991f-da91-411b-95e6-1587b92b0778"
23.7,12.2,17.1,1.8,4.0,16.6,24.14,2020,5,10,"e112fe71-9ce1-475e-b8f0-e0da9382312d"
23.0,11.0,16.7,0.3,3.0,17.7,20.48,2020,5,11,"8aac8c3e-68b8-433c-bd54-9cd24d451db4"
25.5,10.0,18.6,0.2,2.0,23.6,25.05,2020,5,12,"55950fef-643d-4ce0-93ee-40bcb9632c7b"
27.3,11.2,19.6,0.0,0.0,18.5,24.29,2020,5,13,"9cea8d42-c9f8-4a6c-8ce0-0ba1abe41ca4"
26.6,12.3,20.5,0.0,0.0,17.2,24.86,2020,5,14,"366f67ca-6a62-4aff-a9e2-64cc1ed45573"
28.5,11.5,20.6,0.0,0.0,20.7,22.17,2020,5,15,"c48a6bca-8a3b-4f20-8d99-ac2bd23f07c7"
28.0,10.4,20.2,0.0,0.0,23.1,26.61,2020,5,16,"55f4c94d-9e8c-464a-b615-8c1fd30b9b63"
28.6,10.6,20.4,0.0,0.0,21.2,25.97,2020,5,17,"c959cc94-f1ef-43e7-83a4-8c3bbdb323fc"
28.0,12.3,21.0,0.2,1.0,16.8,25.42,2020,5,18,"f6202f90-9439-4130-8b2d-cb61af837f02"
28.9,12.1,21.5,0.0,0.0,11.5,25.67,2020,5,19,"68b0b15d-dcf1-4ef2-8459-a4d7ef578ae9"
28.2,15.6,21.9,0.0,0.0,21.0,23.98,2020,5,20,"d5a8957d-bdbc-4782-9aa4-f6577805af3c"
28.9,13.7,21.3,0.1,1.0,23.3,25.02,2020,5,21,"341efd13-4255-4e81-a56e-86bd7cadf0c0"
28.4,13.1,21.2,0.0,0.0,17.9,26.07,2020,5,22,"593cc9ac-6008-4a6b-8278-41a93ae87912"
29.4,12.2,21.5,0.0,0.0,25.3,25.98,2020,5,23,"db236fbb-7950-4858-ae4a-560337dd71cd"
28.8,15.2,21.9,0.0,0.0,24.5,26.28,2020,5,24,"a73db6cc-b51c-4857-8d41-9eaa8c0937ea"
29.4,11.0,21.7,0.0,0.0,25.8,29.71,2020,5,25,"4d8e75a0-e9bd-4f18-9ee6-f801249c423b"
30.6,10.8,22.0,0.0,0.0,28.9,30.32,2020,5,26,"eb1ec1a9-ef67-4a31-978b-a1debc4b961b"
29.5,13.1,21.6,0.2,1.0,21.9,25.34,2020,5,27,"f2805d37-fb5e-4def-be9f-45af336c2945"
27.4,13.0,19.7,2.9,4.0,24.3,23.31,2020,5,28,"59c92acc-4f43-4dac-a7a2-2c4c3aaad225"
25.9,11.7,18.3,0.5,3.0,24.7,23.97,2020,5,29,"934de9c8-e48a-426d-89c7-d93b96e2ba7e"
25.1,11.1,17.2,0.1,1.0,18.7,24.6,2020,5,30,"949151d5-9677-4592-a042-980cec6b97fd"
23.8,11.5,17.1,8.3,5.0,14.0,20.88,2020,5,31,"82926af8-25c9-49b7-bb40-444fd42edb7f"
23.8,13.9,18.5,6.9,7.0,10.8,26.08,2020,7,1,"2cc327fb-800e-4bb8-9985-ae17eca60a74"
23.6,13.4,18.0,7.5,11.0,15.7,24.79,2020,7,2,"0c8f245c-4ee9-4eb6-bef6-03454b2e982c"
24.1,13.1,17.9,1.8,8.0,13.2,25.61,2020,7,3,"0dae2f9f-e933-4dbd-85ec-b57942ffd95c"
22.4,12.7,17.4,1.2,8.0,9.9,22.9,2020,7,4,"b99bff66-cebc-457a-ade7-22d4aa4fc839"
22.9,13.5,17.2,14.8,11.0,15.4,19.09,2020,7,5,"1e59f02b-8d66-4a1e-abba-53acd9dbec51"
20.9,13.9,17.2,6.0,13.0,12.7,17.03,2020,7,6,"4107418d-20db-4f15-8748-a8e6efc765c3"
23.2,13.3,17.9,5.0,8.0,17.3,22.27,2020,7,7,"bc433f2e-2739-420f-be5d-db98681802d3"
22.2,13.8,17.4,2.4,10.0,18.9,18.16,2020,7,8,"c9d79882-32df-4cd9-a42d-9bd82c53a63f"
22.3,14.0,16.7,8.2,9.0,13.0,18.08,2020,7,9,"57f5beb5-e254-4dfb-b5e7-febd72638e7f"
25.2,10.8,17.7,0.0,0.0,14.9,26.37,2020,7,10,"e79442db-c919-4b8c-9387-7fa7e0bd665d"
23.0,12.6,17.1,2.4,10.0,12.1,17.28,2020,7,11,"906e161e-9495-43ec-898b-48fc955f4c9b"
23.5,12.1,17.3,2.1,5.0,15.8,25.11,2020,7,12,"c52c611e-736d-4712-a100-8472395f0650"
24.4,13.0,18.1,1.1,4.0,14.2,27.72,2020,7,13,"045eb6a4-6779-4dae-b03f-91d7f3365869"
24.9,13.0,18.0,1.5,3.0,14.8,25.1,2020,7,14,"3bdc8b93-0761-4916-b1c3-5c0ee6c4ae7b"
24.6,14.2,18.3,3.5,7.0,10.0,25.51,2020,7,15,"9725b66d-22d5-4c3d-9efb-ed7672fdab29"
25.8,13.1,18.9,2.3,2.0,11.0,25.63,2020,7,16,"c3c44829-83e5-4abe-8d25-b184c0338bbd"
23.8,12.3,18.0,0.4,4.0,10.8,26.39,2020,7,17,"22baedf2-67e8-4df2-b3c4-89c4a4d669a6"
24.3,11.1,18.2,0.2,2.0,19.4,25.01,2020,7,18,"3c1ff18c-8cf8-4e04-9cba-4e0b5ec83daf"
25.6,13.3,18.2,4.2,4.0,17.6,25.75,2020,7,19,"dcc9a757-91fd-4db8-93fc-d94b68584362"
24.5,13.8,18.2,2.9,6.0,19.7,24.81,2020,7,20,"9accd02e-43aa-4ef8-8cf8-a2ebb22288e3"
25.4,14.6,19.1,0.6,2.0,13.8,25.0,2020,7,21,"67c1ec12-93fb-48b3-989a-14444c68db98"
23.9,14.0,18.5,2.3,6.0,17.1,24.54,2020,7,22,"a08b6e92-417c-4f0c-a8f0-3346d7e1b6d0"
25.3,13.5,18.4,9.1,8.0,17.6,24.42,2020,7,23,"8748851c-a034-47be-9e81-39638de15a68"
22.8,14.4,17.9,5.3,8.0,18.5,20.5,2020,7,24,"38f1df67-7cb1-49fd-930c-ddb6eacedd6d"
23.6,14.1,18.3,0.6,4.0,14.3,21.27,2020,7,25,"d4b9c795-0fd7-4e6a-a11b-86d5648896d5"
23.3,13.8,18.5,0.1,1.0,11.5,17.49,2020,7,26,"3b527453-199c-46fa-bba1-c2bcb4a408b2"
22.6,12.7,17.9,0.2,1.0,15.0,18.01,2020,7,27,"39f5fed9-7587-4182-91d8-563dd38c1030"
22.2,14.4,18.0,4.5,13.0,13.7,14.14,2020,7,28,"a51b3baa-ffe5-4e16-afbe-5472a96d0503"
23.6,14.2,17.9,1.1,5.0,13.4,18.49,2020,7,29,"cd997805-8cc0-491f-8b2e-cf119843daff"
24.2,14.1,18.4,6.8,15.0,9.4,23.51,2020,7,30,"2c80193d-e0ba-4ac1-b6a8-b6ce69a85de0"
22.2,13.8,17.2,13.7,17.0,12.1,22.81,2020,7,31,"1d9e986b-47d5-40e5-b5b2-1883df095ed0"
22.8,13.4,17.0,7.5,7.0,20.8,21.88,2020,8,1,"1ae8829f-df24-44a9-a982-75121ecbaaae"
20.8,13.1,16.7,11.6,13.0,13.6,19.06,2020,8,2,"c25134e6-318f-41f0-987f-85fda22c6aa0"
21.0,13.7,16.8,9.4,11.0,12.4,19.66,2020,8,3,"f99aaae2-f1e1-4bf3-8e0e-74b359947c20"
22.0,14.3,17.3,20.6,14.0,11.5,21.21,2020,8,4,"8a8889a6-ea72-499a-9b17-ea3cb2d4d08e"
24.1,13.4,18.3,1.5,4.0,15.9,25.68,2020,8,5,"fb42897b-3631-46f3-b780-4f5c3879eb08"
24.1,12.9,17.9,4.0,7.0,12.6,24.83,2020,8,6,"577cd558-d938-46cd-b6d2-1e46afe0d6fb"
25.2,12.9,18.1,1.0,9.0,18.8,24.98,2020,8,7,"a1c386d3-b4d3-4494-a213-8926fc958abe"
20.1,13.7,16.6,14.4,15.0,13.0,12.3,2020,8,8,"a8d45c0c-8bd6-4e6e-b586-75d271e18c42"
20.7,13.5,16.6,16.6,22.0,13.3,18.04,2020,8,9,"97bf588f-6764-40ce-8ca2-925eab8eba4c"
22.4,14.5,17.3,27.9,21.0,9.7,22.08,2020,8,10,"a7765f6f-eb85-44b7-80f7-f2665e3e92ca"
21.8,13.7,17.2,7.9,12.0,13.0,22.2,2020,8,11,"c9eb574b-7c93-4d96-a283-b166e8a53dbf"
20.6,13.6,16.8,1.4,9.0,10.7,15.45,2020,8,12,"634217ad-b4b8-47fb-b087-05be915da0b6"
22.6,11.5,16.8,0.0,0.0,17.1,22.38,2020,8,13,"6b7429ba-8b68-4669-ac7f-e649d0e3b1c0"
21.8,13.2,16.5,12.0,12.0,13.2,23.76,2020,8,14,"a6e6b496-638f-41b5-9711-f97d68a17705"
20.8,11.7,16.0,9.2,7.0,8.2,21.5,2020,8,15,"1fe1d6c3-05f6-46fe-855d-50815ae4d76d"
21.7,12.9,16.7,1.8,7.0,19.3,21.4,2020,8,16,"866ec101-8a65-471d-9c8c-c107777f8747"
22.1,11.8,16.6,7.7,9.0,11.5,23.36,2020,8,17,"7d39c1af-8f72-4923-95d7-8b4de4f9ad33"
22.0,13.0,17.1,2.6,11.0,11.8,21.83,2020,8,18,"1ab436f5-2a35-4ca2-8bd0-3f0f300ad1c9"
20.8,14.0,16.7,10.8,9.0,11.8,18.23,2020,8,19,"0cb28145-c086-46d2-af9f-3e4acbf22599"
20.8,14.2,16.7,15.0,16.0,10.8,18.75,2020,8,20,"6000fccd-3724-46ed-ae68-847c7e7314f9"
22.5,12.3,17.1,1.1,7.0,11.5,23.38,2020,8,21,"33b74544-1c77-42e9-afbd-e2846ea15835"
23.8,12.5,17.5,0.8,5.0,14.5,26.78,2020,8,22,"a0cd1ee2-7efe-41cb-bf8a-bafe92aface2"
23.6,12.0,17.4,0.5,3.0,18.8,25.25,2020,8,23,"2a82c58d-533d-4997-922e-22dadaf1de51"
22.8,14.0,17.1,10.4,15.0,13.4,16.84,2020,8,24,"ff133d01-93a5-4f5d-a64d-482491beb268"
21.0,13.8,16.8,8.0,18.0,14.3,14.16,2020,8,25,"db9665cf-3072-4493-aae0-cf777588a53e"
20.8,14.2,17.2,8.5,17.0,8.7,18.24,2020,8,26,"be4cd164-a416-4a5d-a9d0-996ae8ea0f48"
23.2,12.7,16.9,7.6,10.0,12.7,20.15,2020,8,27,"79777032-a35c-44bd-bec9-ece5b44eb401"
21.8,14.0,17.3,11.1,8.0,10.1,20.72,2020,8,28,"05e9ce0b-7c85-4f83-8973-4319fffe78a6"
20.9,14.3,17.3,17.1,14.0,7.7,17.88,2020,8,29,"925565bf-95ac-434f-b7ed-182ed0c7d731"
24.0,13.1,17.7,2.0,3.0,17.6,22.25,2020,8,30,"05f7bdde-824f-4015-9a1a-b80cd4d42ea6"
23.6,11.5,17.1,0.4,2.0,17.4,24.73,2020,8,31,"7ea8ea72-f659-44f6-9576-95dec4d70c42"
21.5,7.7,14.0,0.0,0.0,18.3,25.16,2020,10,1,"9ed7bea3-e1d5-41d5-82e3-a0b67452ec97"
19.1,4.7,11.5,0.0,0.0,16.4,26.76,2020,10,2,"203e9d59-3e8b-4024-88e2-6262afb5e5d6"
20.8,8.4,13.5,0.7,7.0,18.2,22.82,2020,10,3,"b3a69e03-714f-43f6-9cb1-ae71d851716d"
21.7,9.6,14.0,0.3,3.0,21.4,21.12,2020,10,4,"cc46110a-12dc-40e9-a247-43a0269e6373"
20.5,5.2,12.5,0.0,0.0,15.1,26.07,2020,10,5,"7662dc87-2a22-41f2-a71b-ff3c330f5e7d"
21.9,6.6,13.5,0.0,0.0,13.3,26.0,2020,10,6,"fdd204a8-3810-4b21-aaf7-b871169fcb13"
22.3,5.6,14.0,0.0,0.0,14.5,26.4,2020,10,7,"11811adf-b734-4b04-8045-233c687b63d7"
24.2,7.4,15.6,0.0,0.0,15.8,26.26,2020,10,8,"30311993-0274-4f51-a0d2-80b60e781033"
23.5,12.4,17.8,3.8,6.0,10.7,21.99,2020,10,9,"b66764b0-7522-4154-a771-ad93f8ec1f32"
25.8,12.1,18.7,1.3,3.0,16.2,23.12,2020,10,10,"bbb67ec5-b78c-4c95-bf3a-604916e2f87e"
25.2,14.0,18.9,2.9,4.0,13.7,23.76,2020,10,11,"792dfd20-e897-4582-81cc-103dd28ecbe0"
24.6,12.8,18.2,1.2,5.0,16.6,20.27,2020,10,12,"a4a67c96-a6ad-4858-96e4-194dec7e8343"
24.9,13.0,18.1,4.1,7.0,15.3,21.17,2020,10,13,"d8de49b5-ee32-47a3-8abe-d47e0706d9c3"
26.2,11.8,17.9,0.4,4.0,22.2,22.07,2020,10,14,"9762069f-a82f-4acc-bfa9-ad7e02890257"
26.8,12.4,18.8,0.0,0.0,22.2,22.99,2020,10,15,"f84aeb29-9836-49b3-a9e8-92eae892034c"
25.2,10.0,17.1,0.0,0.0,25.3,21.07,2020,10,16,"b5b2e9b9-565f-4eda-90b7-f6eccd3820a1"
24.0,8.6,16.6,0.1,1.0,17.1,24.24,2020,10,17,"ea711408-c964-4d56-9ee2-f2982d366480"
24.8,10.3,17.1,1.1,1.0,12.0,22.38,2020,10,18,"778a5623-8342-4b31-9a6e-588a95fa40a8"
26.3,13.2,18.6,0.8,3.0,19.8,21.96,2020,10,19,"9c9131be-c688-4af7-af72-7ceb4b15e32b"
25.6,11.6,18.0,0.4,4.0,20.9,23.72,2020,10,20,"a9259bf9-889c-4198-bc3e-f66be32f3bda"
25.8,13.1,18.2,0.1,1.0,15.6,22.71,2020,10,21,"b7ead665-0ceb-48a9-af9f-c5b9e500607e"
26.3,11.0,18.2,0.0,0.0,14.3,24.18,2020,10,22,"f01c60d2-59e0-4f44-832b-2b723f2feb45"
27.5,11.5,18.5,0.0,0.0,20.9,24.4,2020,10,23,"8715b6c7-9c19-448e-81a5-e3fab0c6d6fa"
25.9,8.7,17.1,0.0,0.0,18.1,24.37,2020,10,24,"5b8f712b-fd3f-4978-8d8e-8790e144edad"
25.7,8.0,16.8,0.0,0.0,13.4,24.02,2020,10,25,"d3676c0a-bebd-4168-b5d6-40e7e604747e"
26.8,11.6,18.5,0.0,0.0,10.8,24.42,2020,10,26,"b1ccf6c2-b579-4058-9c43-2e1c75c110f2"
27.0,10.2,18.0,0.0,0.0,17.4,23.17,2020,10,27,"dc74019f-c442-4c1b-8309-85b78352a2fa"
26.7,11.0,18.2,0.0,0.0,15.8,21.65,2020,10,28,"ebd8718e-5b00-4c43-9a40-7cbd24bcb184"
26.0,12.8,18.7,0.1,1.0,18.2,18.89,2020,10,29,"2e476255-6e0a-44b9-9636-9165b5f3bb4e"
24.0,10.7,16.3,0.3,3.0,17.6,20.17,2020,10,30,"7110975b-dccf-493e-af72-12fcfa3d9ebb"
25.2,9.6,17.3,0.0,0.0,13.1,20.98,2020,10,31,"5effc4d4-a3e2-490a-a840-1ef7251526bb"
22.0,6.3,13.5,0.0,0.0,15.3,17.54,2020,12,1,"6bcd08a9-401e-4130-a39d-34394c508756"
21.6,7.5,14.4,0.0,0.0,14.3,17.72,2020,12,2,"6ab9a560-e7a2-45bb-afae-acc157c6b39a"
23.1,7.9,14.2,0.0,0.0,20.4,18.54,2020,12,3,"19117aa7-5920-4a76-bb83-038b9e6f04ee"
23.2,6.1,14.5,0.0,0.0,21.3,18.64,2020,12,4,"0c07cc55-a10d-4802-b716-0978ac308003"
23.9,7.5,15.3,0.0,0.0,21.6,18.99,2020,12,5,"37abbd89-bcb8-4f46-8ecf-461ecc07a130"
22.2,7.2,14.8,0.0,0.0,15.1,17.89,2020,12,6,"e554e4b7-e7b9-46c3-9d9a-9756e95b0b8c"
19.0,9.8,14.0,0.0,0.0,14.4,14.88,2020,12,7,"b5163d77-69b3-496a-9680-68f136a2b0ca"
21.0,6.7,13.6,0.1,1.0,17.7,16.08,2020,12,8,"cffef82a-b8bf-40c3-94f1-4a39cf8b158b"
21.6,8.2,14.9,0.0,0.0,15.9,16.8,2020,12,9,"bd52fe92-b83a-40d7-ad0e-a2017fdd32ae"
22.9,9.3,15.8,0.0,0.0,15.5,17.07,2020,12,10,"a0ff1d44-9bf3-42a8-9c35-9f9a8818d6fe"
24.1,12.8,17.4,0.4,2.0,11.3,18.64,2020,12,11,"fbedd694-8333-4b7e-bdb3-6318c58908de"
23.0,8.9,15.9,0.0,0.0,17.0,17.52,2020,12,12,"f619055b-fa11-4095-b4d6-d4bd551320fa"
24.7,6.8,15.7,0.0,0.0,20.8,19.35,2020,12,13,"58ad94d3-7936-46b2-8cbc-44cee894aae2"
23.0,10.1,15.7,0.0,0.0,22.2,18.14,2020,12,14,"dce9c8d7-dffe-4644-af87-f2d652847dab"
24.4,6.7,15.3,0.1,1.0,11.2,18.96,2020,12,15,"f548d420-ecd8-4e9b-be01-0ea292d0ca36"
22.2,9.8,15.1,0.0,0.0,18.8,16.31,2020,12,16,"d5c41a7f-a042-49de-a203-4c31d00d0351"
21.8,7.0,14.1,0.0,0.0,13.6,17.63,2020,12,17,"4b2575e2-4f5c-4a06-b64a-133a895339bf"
22.2,6.4,14.4,0.0,0.0,14.5,17.51,2020,12,18,"bbcecbef-2b7c-431e-8d67-cb95e2b93373"
22.7,10.6,16.2,0.0,0.0,14.7,18.39,2020,12,19,"7c8c8be0-ebe0-4448-830b-09e18d31a17a"
21.8,9.5,15.6,0.2,2.0,17.8,16.61,2020,12,20,"a7253fae-5d4b-427c-ba4b-2f0f252f6eb3"
21.4,8.4,15.0,0.0,0.0,9.1,16.9,2020,12,21,"3acf077a-fc73-438b-a922-8592f963adec"
23.1,9.7,16.0,0.0,0.0,12.2,17.8,2020,12,22,"ed94bc5b-f6cf-483e-b50b-c275bde57f3c"
23.7,7.4,15.5,0.0,0.0,15.6,18.71,2020,12,23,"83bc7d02-a420-4ca0-8d93-aca53eb45275"
22.8,7.4,14.8,0.0,0.0,21.3,19.98,2020,12,24,"6c97fe46-cb3f-44be-b2e4-76ab8f277a6b"
21.0,2.4,11.4,0.0,0.0,12.3,17.77,2020,12,25,"9d970f37-ff1f-47af-b63d-6727e9fd18e7"
23.5,5.1,14.2,0.0,0.0,14.7,19.8,2020,12,26,"0be0e90e-817a-4d05-b758-9078cf8ede2b"
21.7,5.4,13.9,0.0,0.0,13.7,20.49,2020,12,27,"574a253f-8718-4784-bebe-b5f38d942ba2"
21.9,6.5,13.4,0.0,0.0,13.6,20.73,2020,12,28,"a7437637-b32d-45be-872a-f00676e8996f"
21.8,4.9,12.4,0.0,0.0,13.8,20.52,2020,12,29,"37240702-fcc4-4aca-93a5-c20f4be4581a"
22.4,4.0,12.6,0.0,0.0,22.0,20.33,2020,12,30,"3d1e05d8-22c0-4735-9357-9cc98b69835d"
19.5,7.5,12.8,0.0,0.0,31.7,20.52,2020,12,31,"b4abd5a9-47ef-42e5-ba08-1eb58c6d419d"
24.0,0.5,11.9,0.0,0.0,23.1,20.97,2021,1,1,"6b6b704f-6c92-47ca-aca9-3691308d2f66"
24.0,3.3,12.6,0.0,0.0,20.6,20.62,2021,1,2,"36a09303-f9d1-422b-b2ca-1668e400d4f5"
24.6,2.9,13.4,0.0,0.0,19.3,20.37,2021,1,3,"b9385ee0-11bc-41af-9851-1ea43b588f76"
22.9,5.5,14.4,0.0,0.0,14.3,20.4,2021,1,4,"87b3ed8e-9f30-4374-97dd-6660f0dcded9"
22.3,7.1,14.2,0.0,0.0,19.7,19.41,2021,1,5,"6598ac41-a950-4651-bfb3-ecfefbcb59ec"
22.1,5.0,14.1,0.3,1.0,15.9,19.55,2021,1,6,"2bd83f00-fde8-4cd3-a4b6-4641548d7f71"
19.8,8.8,13.7,0.0,0.0,15.5,15.14,2021,1,7,"7380cfa7-877a-4066-aa65-9fca4dcb1b7b"
21.4,6.1,14.0,0.0,0.0,14.0,18.7,2021,1,8,"e42f9544-b884-4d62-a949-ba81a0b7066f"
19.7,6.8,13.8,2.1,2.0,13.7,17.43,2021,1,9,"1b50a39b-becd-4635-bff6-7285735b3144"
21.5,5.9,13.6,0.0,0.0,11.3,17.55,2021,1,10,"0633a82d-29e6-4716-a156-1c6deb016506"
18.9,7.5,12.2,0.5,3.0,17.8,14.71,2021,1,11,"20e13f8f-a11b-413d-bf58-779f8db78aba"
21.5,8.6,13.9,0.0,0.0,19.1,18.99,2021,1,12,"6ec9f1fd-3796-4d8f-85b7-e0920a3ae48a"
19.4,5.1,12.9,0.0,0.0,14.3,13.95,2021,1,13,"8b15ba13-9050-49e6-9b93-dae3444a4eb4"
22.6,8.4,14.8,0.1,1.0,17.4,15.7,2021,1,14,"ad02a89c-0524-4e72-8af2-fd3c0803e791"
20.7,11.1,15.6,0.4,2.0,11.8,15.31,2021,1,15,"7744e79d-e5f7-470a-b32c-37391f05e92a"
20.4,7.7,14.0,2.6,3.0,15.5,14.29,2021,1,16,"293d9e8b-8b68-4a62-ac97-bbbf58d828fb"
19.7,9.2,14.0,1.9,5.0,14.2,13.45,2021,1,17,"a886f3a9-bae2-4c04-91bf-aa38c86cbfb1"
20.8,6.9,13.3,0.1,1.0,13.1,18.68,2021,1,18,"b9ee9274-5e29-46f0-b9a1-76ebe19b52a2"
23.2,6.8,14.8,0.1,1.0,16.8,19.5,2021,1,19,"b44e74bb-2952-42f2-84f2-a378c60940a9"
21.7,8.1,14.9,0.0,0.0,13.0,17.5,2021,1,20,"ce291d63-eb65-40a2-9195-294dadf2514f"
25.0,8.6,15.4,0.0,0.0,17.2,20.88,2021,1,21,"9803b379-07cb-4048-9969-7b4fddc67cf9"
25.2,10.0,17.0,0.0,0.0,20.1,20.64,2021,1,22,"2357e7d4-a5f2-4f33-a6c9-d1e097838ce0"
24.2,9.5,16.6,0.0,0.0,13.5,18.64,2021,1,23,"94a3d396-1f39-48b8-86e0-fac73818b7bb"
24.0,8.6,15.9,0.0,0.0,18.3,16.03,2021,1,24,"bb3caebb-90a5-4249-a74b-0d7d02fc24e1"
25.4,5.0,15.4,0.0,0.0,15.3,21.47,2021,1,25,"6745b154-7513-4350-9996-e16c7fc8ef38"
26.8,8.9,16.9,0.0,0.0,19.3,21.39,2021,1,26,"58ee15fb-c42a-4b78-b8db-840f1326e7ed"
26.5,11.9,17.5,0.0,0.0,28.4,21.13,2021,1,27,"452da888-c9f5-49bd-9458-f8d93d8cc5a6"
22.5,10.3,14.8,0.0,0.0,28.5,18.32,2021,1,28,"18166a83-95ec-421c-a60d-e8a783153ab0"
24.1,7.4,14.4,0.0,0.0,17.4,20.73,2021,1,29,"7036520d-c67c-4a6f-bd7e-86e49e58bfc6"
25.0,8.0,16.5,0.0,0.0,9.4,21.27,2021,1,30,"f7bb71c8-1407-4c99-b60d-4da6fbdf28ac"
25.9,8.7,17.1,0.0,0.0,23.9,22.73,2021,1,31,"7f6ade75-13dc-411d-bff9-527c801d1882"
29.8,13.2,21.2,0.0,0.0,21.4,25.31,2021,3,1,"dddbcc30-7c4d-47ac-ab64-a470e39dae70"
26.1,13.9,19.5,0.2,2.0,18.4,22.06,2021,3,2,"24cdf661-ecba-4a8d-9af3-337995fbd59d"
27.5,12.0,19.7,0.0,0.0,15.3,24.27,2021,3,3,"77d0ec9e-d2a3-4c98-8848-8d812932f0f0"
28.8,14.2,20.9,0.0,0.0,16.1,26.23,2021,3,4,"a037596c-4807-448b-a678-88f64c828edb"
28.7,11.0,20.4,0.0,0.0,18.1,24.91,2021,3,5,"33b00692-2165-4d58-81f7-1d50f343b768"
24.6,12.3,16.8,0.3,2.0,22.5,19.32,2021,3,6,"0de440e1-412b-4d56-9418-2d2042ac24d9"
27.3,7.6,17.4,0.4,1.0,15.5,23.56,2021,3,7,"908cb963-8055-4007-a426-af2eabd6f8db"
26.2,7.6,16.2,0.0,0.0,17.6,24.93,2021,3,8,"7927fe5f-dbfb-4ad8-b928-62eef8c50967"
26.7,7.1,16.3,0.0,0.0,24.7,25.94,2021,3,9,"f2ff69fa-ccdd-4fa9-80c8-22242b906632"
28.1,8.6,18.5,0.0,0.0,17.8,27.75,2021,3,10,"d324471a-b173-4d9c-9dbf-dc1727c683a9"
27.9,9.9,19.7,0.0,0.0,14.6,26.76,2021,3,11,"e2ac4d00-678c-4438-8292-71061e8358c9"
28.4,10.2,19.6,0.0,0.0,16.6,25.42,2021,3,12,"8b2ea03e-1068-427d-8ec0-18f4bcca020d"
28.7,9.8,19.4,0.0,0.0,19.7,26.98,2021,3,13,"a1f02419-c416-4e19-965a-7ec1adf87ded"
28.0,10.3,19.1,0.1,1.0,18.7,24.55,2021,3,14,"78ef2bfa-6082-4bef-8594-5d48f97de6c3"
27.7,11.9,20.0,0.0,0.0,15.1,25.7,2021,3,15,"e61ff407-5be0-4793-b815-4298bed353e6"
28.2,11.4,19.4,0.0,0.0,21.3,25.94,2021,3,16,"ef291d19-4a42-4d67-ab40-372fe7c763ea"
26.5,10.1,18.5,0.1,1.0,21.0,24.8,2021,3,17,"4de9375d-6998-4d77-98ed-22afa35c5294"
23.3,12.0,17.0,0.3,2.0,22.7,20.97,2021,3,18,"7643bf75-e54c-4948-81bc-bc77c1ddffd8"
24.6,8.0,16.1,0.0,0.0,21.1,23.78,2021,3,19,"213d9c23-a332-470c-82c3-bc1569cac352"
24.4,8.5,16.5,0.9,2.0,25.0,23.52,2021,3,20,"5b8a03a9-5753-41ef-b4ce-4e11220c4832"
23.8,9.8,16.9,0.6,3.0,28.8,22.1,2021,3,21,"9dfef4e4-63be-45a2-aff0-798810e2b6a4"
28.0,8.7,18.4,0.1,1.0,21.4,26.76,2021,3,22,"2cc9175f-5a3b-4563-8675-88d20f35063b"
28.6,9.8,19.0,0.0,0.0,23.1,27.21,2021,3,23,"d5729a09-0b1c-4b36-90a7-dc21b3d145d8"
29.2,7.3,18.5,0.0,0.0,25.1,29.01,2021,3,24,"f81f8dac-fd18-4348-a40a-ab69080294f2"
29.7,7.8,18.9,0.0,0.0,22.9,29.13,2021,3,25,"8a9caa0a-6af6-435b-8acb-955ad7a338f6"
28.9,9.9,19.3,0.0,0.0,18.8,28.05,2021,3,26,"6fe37be9-85d4-4782-bff9-b20aed396d58"
29.0,10.7,20.1,0.0,0.0,23.5,27.42,2021,3,27,"f259ad76-bed1-4c6c-94bb-5066b753622d"
31.2,11.7,20.1,0.1,1.0,35.8,27.9,2021,3,28,"2347ff76-196e-4d64-98a2-cd740a931735"
26.7,13.0,19.1,0.1,1.0,14.5,23.41,2021,3,29,"b4b00c92-f0ae-435c-9ee0-75b4dc3d261c"
28.1,10.3,20.1,0.0,0.0,20.6,27.54,2021,3,30,"efa4fecf-3384-4d1b-ac2e-1e520c5a4f36"
29.8,13.0,20.6,0.0,0.0,23.5,28.45,2021,3,31,"94dc0185-1f5b-4d3f-92e8-d5a87a23f0b1"
26.2,13.5,19.8,0.8,1.0,16.3,23.98,2021,5,1,"c1a16a00-4b86-4eba-b8c8-5120aac592a4"
27.6,11.7,19.9,0.0,0.0,19.8,26.53,2021,5,2,"47e899f2-fbed-4dd8-be09-940523dcef48"
28.1,12.5,20.3,0.0,0.0,27.8,29.85,2021,5,3,"281a6605-e6a6-480b-9b76-c403499b0922"
28.6,10.4,20.5,0.0,0.0,22.7,28.07,2021,5,4,"91c2cbba-456d-4bbb-8b92-1b1496cb4dd8"
25.8,13.3,18.3,29.9,8.0,11.5,23.23,2021,5,5,"16813d85-9fdc-4cba-879a-d9b40a17f36e"
25.6,13.4,18.1,10.6,8.0,25.4,24.87,2021,5,6,"da54b791-7d2a-4614-8369-db4fa8b174a9"
24.2,12.7,17.9,1.0,5.0,15.3,23.04,2021,5,7,"13721c37-5e2a-4b0c-8c3f-0e03d036734a"
24.2,12.3,18.1,0.0,0.0,15.3,23.81,2021,5,8,"d33c30a4-8ad5-43aa-8644-f03a37649959"
24.8,14.1,19.1,0.2,1.0,14.8,21.07,2021,5,9,"8d0916f4-a850-4044-9d08-c3077496d490"
24.0,13.5,18.6,2.4,5.0,13.0,20.13,2021,5,10,"0a9598d0-b598-4baf-980b-997ea56aaa47"
22.8,12.7,17.6,12.8,11.0,17.3,20.49,2021,5,11,"865a6ecc-0e00-46f7-a6e9-e1dce2ff3fef"
22.6,11.3,16.2,35.6,11.0,23.3,19.89,2021,5,12,"aac0209c-9125-4f7d-b5d4-b3dd4a4f012b"
21.6,10.9,15.8,4.3,13.0,19.8,17.97,2021,5,13,"3df53364-4e92-4761-9aa2-4315f4ad04f0"
22.2,13.0,16.8,2.8,11.0,12.9,21.03,2021,5,14,"9a358dfb-143a-4c61-83ec-ff2c563ec978"
22.3,12.4,17.0,0.1,1.0,9.4,21.19,2021,5,15,"9aca70ab-2a94-40d8-a7a9-9c0f70970d01"
22.0,12.8,17.0,3.9,7.0,16.2,21.62,2021,5,16,"ce7f446d-e0a2-4856-8bb1-7c8e7ca4a4e5"
22.4,10.3,16.8,1.5,3.0,24.0,21.35,2021,5,17,"4fd1ee79-f5b6-4f2d-9535-80489fb2f32b"
23.1,10.8,17.1,0.2,1.0,29.2,24.4,2021,5,18,"d44742d8-51a5-440a-9b55-542e726290c0"
24.6,8.5,17.6,0.1,1.0,15.0,25.92,2021,5,19,"a16981a4-e6cd-4721-8cbc-ec1d543311b4"
25.4,7.5,16.9,0.1,1.0,16.2,28.86,2021,5,20,"5e8c1e0e-9af8-4a21-a6a0-8b9029f76a9b"
26.7,11.5,19.0,0.2,1.0,23.6,27.13,2021,5,21,"573c5666-5623-4c8b-a913-d0dbc1dbb068"
27.3,11.5,19.3,0.0,0.0,24.2,28.26,2021,5,22,"685b762c-90e4-4d83-ade1-353375cb2b95"
26.6,12.9,19.7,0.1,1.0,19.6,22.77,2021,5,23,"f434a050-9265-4a33-81f0-ce6d13d44423"
26.5,14.3,19.0,4.9,6.0,20.6,22.64,2021,5,24,"2e4bcf87-0b62-4942-a133-4d2a549bc922"
28.7,13.8,20.2,1.0,2.0,22.9,24.62,2021,5,25,"67e270ba-c6c1-41c7-8c66-9ac82279a824"
27.9,13.8,20.4,0.3,1.0,16.2,24.2,2021,5,26,"0926aa24-6947-41bd-8269-847852aa8d57"
26.9,15.0,20.7,0.3,3.0,13.5,26.19,2021,5,27,"86c2d4a3-9e7e-4870-9db3-028b2522ada4"
29.1,12.9,21.3,0.9,1.0,26.7,29.35,2021,5,28,"bc66000f-adf2-4ad2-bd3a-f7a4609da7fc"
30.1,12.7,20.6,0.9,3.0,14.8,27.18,2021,5,29,"1716c86d-8e78-45ef-ba41-93c0b1da604b"
29.3,13.9,20.6,0.5,3.0,12.7,26.86,2021,5,30,"55e041e0-4e34-4006-b7c6-f4c37989c28d"
28.5,14.8,20.7,0.2,2.0,18.2,25.07,2021,5,31,"bd83b3a2-7620-4760-b94f-fce2ef2ba3f7"
18.7,13.5,15.7,16.7,24.0,10.9,10.66,2021,7,1,"95152ce9-63f4-4d13-a88f-18636f000f8b"
19.3,13.7,15.6,17.3,23.0,9.4,14.85,2021,7,2,"2e329a07-a029-42e3-95b0-1a0a86d5de88"
18.9,12.9,15.5,17.7,19.0,10.5,15.76,2021,7,3,"a55d6b32-aa1a-4fc6-ba79-d2150163e1a1"
20.6,11.5,16.0,0.9,4.0,13.1,21.91,2021,7,4,"06c1ebbc-28a7-49d1-aeb4-88872fdb4de8"
21.9,10.7,16.1,4.7,6.0,9.4,23.73,2021,7,5,"86f7229b-388d-41ca-b02e-a6393e707f78"
22.0,13.5,17.2,1.1,3.0,13.8,22.92,2021,7,6,"a0ccd99c-aa44-4987-b97e-00a02bef35a9"
20.6,14.1,17.3,5.3,11.0,10.5,21.38,2021,7,7,"8cde7bcb-d12a-4768-b50a-ca2701c05bc3"
20.7,13.4,16.8,9.4,14.0,12.4,16.47,2021,7,8,"d39428dd-a861-4999-ad77-b16a1192feaa"
21.6,13.5,17.1,2.0,10.0,12.1,19.52,2021,7,9,"361c1de7-22b0-4509-a7f7-44be6031cc11"
22.4,13.5,17.5,9.7,11.0,9.8,24.43,2021,7,10,"4559c67a-fad4-41cf-b8bd-32b9a6622f5f"
22.7,13.0,17.3,1.4,4.0,11.7,23.5,2021,7,11,"3cc1e5fc-cbb9-445b-a5e2-9949ff8847f9"
21.9,11.9,16.9,0.6,4.0,11.2,25.15,2021,7,12,"15a73922-d4d5-454f-baf1-6b9e82e5e543"
21.2,13.4,16.5,8.0,21.0,13.7,21.63,2021,7,13,"574e31f1-3266-46b2-a045-be908b2f3caf"
21.5,12.1,15.8,4.9,12.0,11.2,22.47,2021,7,14,"daf016ab-c400-428d-8224-5061e4ea4c12"
19.5,13.0,15.9,14.4,17.0,12.3,16.34,2021,7,15,"5cad32b3-ef90-41c5-b965-c2d2c037e5cb"
22.8,11.9,17.3,0.3,1.0,17.4,23.81,2021,7,16,"d25a0384-428d-4fd6-babe-2dcebc854466"
21.9,12.8,17.3,0.6,6.0,16.8,18.39,2021,7,17,"64009b42-89be-4200-92c0-6171d5e2fd2e"
22.5,10.4,15.9,1.4,5.0,14.4,24.22,2021,7,18,"e86230e7-6bf1-4d2d-be6e-f55812f717ff"
22.9,12.0,17.0,1.3,7.0,14.9,26.82,2021,7,19,"9713e47a-192c-4a21-b61a-ec1faf3fd9e6"
22.6,14.2,17.1,5.7,7.0,13.7,23.7,2021,7,20,"3a9d8fab-b7b7-4c5e-acff-421fbafa2f3e"
22.0,13.0,17.1,3.9,9.0,18.8,22.48,2021,7,21,"7fd7051d-e1c2-457f-83ad-667c1373ad33"
21.3,13.4,16.9,8.9,17.0,16.4,24.19,2021,7,22,"1b42ec01-4a14-482b-891b-c9e9abe1333c"
22.9,10.9,16.6,0.0,0.0,14.9,24.98,2021,7,23,"81b922cf-c989-48e2-a552-2a4bd45a9fa9"
23.6,11.7,17.0,0.4,1.0,11.9,26.83,2021,7,24,"673de235-d76e-4ade-9784-79579a54f51e"
23.5,11.1,16.9,6.8,7.0,16.7,26.56,2021,7,25,"36796ff6-792d-45ab-82fd-4b61a191b47f"
22.3,12.9,17.1,6.8,6.0,10.9,24.17,2021,7,26,"26f148bf-4872-440e-9ec9-57fdc9590926"
23.2,12.8,17.1,0.7,2.0,17.0,24.88,2021,7,27,"7c69dc42-066a-4b0e-8fc0-a8ede2aa8b63"
21.8,14.0,16.9,3.3,13.0,9.9,18.71,2021,7,28,"178995cd-2727-48fd-8f0b-69a3f3e02947"
23.3,13.6,17.8,3.6,12.0,17.1,23.66,2021,7,29,"f0cbcd58-06ca-4a73-ba18-b41e8cd5dc54"
22.5,12.6,17.0,8.0,9.0,11.8,21.08,2021,7,30,"82a65914-8486-47ec-a441-63aacc7e2b75"
22.2,13.2,16.7,7.5,10.0,8.7,23.3,2021,7,31,"c4872963-43a9-4428-bc2c-33fadbcb2683"
21.5,12.3,16.3,5.9,10.0,12.2,22.51,2021,8,1,"022fedac-e9bf-4700-8f44-872b064f519c"
23.2,13.3,17.4,5.4,8.0,8.4,23.98,2021,8,2,"e96706cd-4686-4742-92e9-ec151233ae80"
20.8,13.6,16.5,13.1,12.0,10.9,16.44,2021,8,3,"6aeaf94c-3d7b-45e0-8a7f-cdeafe6479d7"
21.5,13.2,17.1,5.6,12.0,16.1,20.36,2021,8,4,"7438b188-0813-4034-8c3c-16404cbeeeb9"
21.9,13.1,17.3,10.2,17.0,11.7,19.91,2021,8,5,"0c8940c2-b925-462b-9f01-b09a65e0639a"
22.0,13.4,17.0,22.5,15.0,12.3,21.62,2021,8,6,"5f5c5294-05a8-4fd3-bddf-0836dabfffbb"
21.5,13.1,16.8,12.1,13.0,12.6,21.98,2021,8,7,"52d29156-fbb5-445d-9d1e-d892a4b211ac"
20.8,13.4,16.6,7.5,16.0,13.0,20.29,2021,8,8,"4292a462-eae4-4dec-b481-d783455d8a8b"
22.1,12.3,16.9,4.0,10.0,10.2,24.22,2021,8,9,"95d6a26c-1a00-4adc-8efc-b175faaa71d0"
22.6,12.1,17.0,3.0,9.0,14.1,24.56,2021,8,10,"c480bd38-cb5b-4e5b-80f0-16bdaed4ba3a"
20.5,11.7,15.9,6.1,11.0,10.2,22.72,2021,8,11,"1351cec9-ef73-497c-873b-29378dd3c647"
22.0,12.2,16.5,5.9,13.0,11.8,25.37,2021,8,12,"8ff910e7-28ec-414d-8541-244947fb3a50"
21.4,12.3,16.2,10.9,15.0,11.2,22.08,2021,8,13,"67b39ac7-222b-4bfc-9981-b82e2dbc8aa4"
21.1,13.2,16.5,21.5,18.0,16.2,21.23,2021,8,14,"3d0eed27-45d2-4df6-bf30-72d706e3aea3"
23.1,13.6,17.7,1.7,6.0,16.9,27.2,2021,8,15,"7364b112-a584-4202-8370-c1764ae67929"
22.8,13.3,17.3,4.7,9.0,14.3,23.23,2021,8,16,"a3c1af2c-ba5b-4418-af6e-094d7bf224c1"
21.8,13.9,16.9,11.4,12.0,10.5,20.31,2021,8,17,"a7147918-fc5c-4f44-ba89-d76c1179971f"
23.0,14.0,18.1,1.9,7.0,9.4,22.12,2021,8,18,"57e593fb-a6f8-45b2-bf97-aa06a18e0eb1"
24.9,14.0,18.3,1.0,6.0,14.8,24.62,2021,8,19,"a8ce6509-2a9c-47ee-a77f-f03cc0e403da"
23.2,11.2,16.4,1.7,6.0,20.5,23.37,2021,8,20,"069087c2-e831-4f8c-a084-44006972d58b"
19.6,12.9,15.7,39.9,18.0,19.4,9.77,2021,8,21,"0294fd17-807e-443a-9806-b549f0071db6"
20.7,13.1,16.3,10.4,7.0,10.4,21.81,2021,8,22,"63809484-3bfc-4875-bf06-1ff7aec90abb"
21.8,11.6,16.1,0.7,5.0,13.3,24.3,2021,8,23,"10bbbb4f-fa50-4425-b56e-0be243647f8e"
20.2,12.8,16.0,4.4,14.0,11.3,16.24,2021,8,24,"8dd7ca99-379d-425e-87a6-3738ead43115"
22.7,12.6,16.9,2.4,13.0,16.8,23.13,2021,8,25,"5688bc18-c8ea-4a81-9af8-1e008f11eae6"
21.3,12.6,16.3,0.3,2.0,17.3,22.78,2021,8,26,"ea8a4937-2f7b-443b-93e9-098b5f35c353"
19.6,11.3,15.2,2.2,6.0,14.2,12.74,2021,8,27,"e5082b88-4def-4b25-af45-297e3ca94ade"
20.5,12.6,16.0,5.4,11.0,11.5,11.95,2021,8,28,"e3eda9b3-bbd7-4cf4-a2e3-076f8f079797"
19.5,10.6,15.8,1.8,9.0,8.0,12.16,2021,8,29,"cd8b5fd8-e2fa-489a-8c85-60bb3eae254b"
21.1,13.0,16.5,10.1,15.0,6.7,18.97,2021,8,30,"522e1407-b0b8-48be-945b-5eb97708cb22"
20.1,12.7,16.4,8.2,11.0,9.8,18.89,2021,8,31,"98deaf5c-4a22-49b4-af1a-1f6889dcfa10"
21.1,11.8,16.3,2.3,8.0,8.5,21.07,2021,10,1,"cdc93922-9eb8-49c3-b2b8-833f64dcf1c1"
21.2,12.6,16.6,3.6,8.0,13.0,20.71,2021,10,2,"2fa8af3f-a9af-4a5a-8000-6e1862119660"
22.0,13.3,16.8,8.1,16.0,14.4,20.03,2021,10,3,"6e7986b9-e273-460f-b81a-3a3b5f76c323"
20.9,13.6,16.4,6.8,20.0,15.6,18.48,2021,10,4,"25c15b7c-d27e-4ccd-998d-daae23edf42f"
20.9,13.2,16.1,5.1,19.0,16.9,19.44,2021,10,5,"0eff67d0-5ab9-437a-8a45-5ca19aeb2a6c"
19.8,13.4,15.8,7.5,19.0,15.5,17.0,2021,10,6,"268d451d-6acf-478b-912f-5f16a436723d"
22.3,12.2,16.1,0.0,0.0,19.4,22.62,2021,10,7,"3d9643c2-47ae-4736-866a-b080ae70c294"
21.2,10.0,15.8,0.0,0.0,18.6,20.6,2021,10,8,"445f4fe0-ee03-4b68-81cf-5f1a6f14dc35"
21.5,11.2,16.4,1.2,7.0,9.8,20.75,2021,10,9,"058d6ec6-485b-431e-8aec-357be07c3ee0"
23.5,11.2,17.1,0.0,0.0,8.8,22.94,2021,10,10,"70222623-ab08-4cf5-aef3-d97a14567bde"
23.4,12.6,17.8,0.4,2.0,13.1,22.77,2021,10,11,"1b1a138d-8a0e-42b7-a266-bdbda48aa832"
25.1,10.2,16.8,0.0,0.0,14.5,24.54,2021,10,12,"2bf5b2ef-99f9-4292-9b69-8aee23fa13af"
24.6,8.6,16.1,0.1,1.0,10.6,24.56,2021,10,13,"32fa33da-fa68-4166-895b-63168ec61be4"
23.4,11.8,17.2,0.2,2.0,24.4,23.41,2021,10,14,"5cf5fc67-ce38-45d4-8066-512aa91e4aec"
25.3,10.7,16.8,0.0,0.0,14.3,24.24,2021,10,15,"4c63b9f6-209b-4b8f-906f-93134346661f"
23.1,9.7,16.0,0.4,3.0,25.7,21.17,2021,10,16,"b5710fe1-a245-4f7f-a53c-aa5ce85afeec"
20.0,10.9,15.1,1.6,12.0,15.9,14.51,2021,10,17,"611987fd-f51b-4f6d-83ae-2709367803fb"
21.1,9.0,14.4,0.1,1.0,13.3,20.65,2021,10,18,"4b550c0b-297a-4baa-aba9-6b4958ae475f"
22.4,8.8,15.5,0.0,0.0,18.9,22.92,2021,10,19,"131667fd-f6b1-48d2-ad3a-7ca7656beaaf"
22.1,10.7,15.8,10.0,6.0,12.1,20.51,2021,10,20,"98e08542-c0ba-469b-834a-b9d5af5030aa"
23.2,12.6,16.9,0.4,4.0,14.2,19.12,2021,10,21,"100106a6-4b9e-4975-aaf1-c55ce54399bd"
21.1,12.3,16.0,5.6,18.0,10.3,16.57,2021,10,22,"225b2e5f-74ec-40a5-8774-1299101fd6a1"
20.0,11.6,15.6,3.3,3.0,10.2,15.95,2021,10,23,"b817ddd6-db19-440e-af1c-4fb1cfc8c10e"
21.2,12.7,15.7,12.4,12.0,17.0,18.49,2021,10,24,"54863192-4390-474a-9649-0e24d01d1080"
22.9,10.4,15.6,0.1,1.0,11.2,16.03,2021,10,25,"1bec6b06-849a-4542-a3da-f27aff2ef28b"
24.5,8.9,15.8,0.0,0.0,13.2,22.32,2021,10,26,"1e28fc0b-fad8-44ca-b16f-44cfc1e0acbf"
23.6,8.4,15.7,1.0,2.0,16.6,21.81,2021,10,27,"a4cb80ad-9908-46ad-b46d-5586452c74b7"
21.6,11.3,15.8,11.1,9.0,19.2,19.48,2021,10,28,"e6e9e7f0-ac96-4cad-b871-057baa02deb5"
20.4,9.4,14.7,1.4,4.0,14.8,16.2,2021,10,29,"1aecc676-8a40-4c77-b1f9-ca4ae62e6744"
21.1,10.1,14.9,1.8,6.0,14.0,21.34,2021,10,30,"73a4e268-5745-4083-9cbc-9291dc100e3e"
21.7,7.9,14.5,0.0,0.0,15.9,19.99,2021,10,31,"06b81100-af91-40a5-86d3-e4bb6bafa3f6"
24.2,8.9,15.9,0.0,0.0,23.7,17.74,2021,12,1,"780eeacf-29de-463e-b805-bf5e59cc3fb2"
23.4,7.0,15.2,0.0,0.0,16.5,20.57,2021,12,2,"0adc2198-8ba6-4228-8639-f785f682224f"
23.2,5.1,14.3,0.0,0.0,14.8,20.35,2021,12,3,"78494156-4fce-4fbb-a7ef-b7dff1d94e13"
23.6,6.9,14.9,0.0,0.0,12.5,20.28,2021,12,4,"ca60eb95-a79e-4824-a0bc-270bdb8caf42"
23.3,6.3,14.1,0.0,0.0,15.3,19.59,2021,12,5,"0b3710cc-f673-4ee0-8ccc-45c8b85929fd"
24.2,8.4,15.7,0.0,0.0,9.5,20.15,2021,12,6,"5ac996d2-22c4-4ad7-ae73-823aff27491c"
24.8,6.5,15.7,0.0,0.0,16.0,20.25,2021,12,7,"0c5196a5-7899-43e5-a7e9-24ed3d484790"
24.4,9.9,16.4,0.0,0.0,9.5,19.98,2021,12,8,"d3e2864e-10f4-4de9-8639-259b1e681075"
23.9,8.0,15.8,0.0,0.0,11.2,19.81,2021,12,9,"39c47d60-c487-4b68-b153-882d239a7ecf"
23.7,7.8,15.7,0.0,0.0,10.5,19.91,2021,12,10,"380273e5-2dc6-4b19-9849-4e692f27e13c"
23.2,7.2,15.0,0.0,0.0,20.0,20.22,2021,12,11,"0472b372-0c90-4d47-b3b7-67fcf83a1cc6"
21.7,7.3,14.2,0.0,0.0,11.6,18.0,2021,12,12,"52732bab-25bf-45b9-a6b2-7d198df7f945"
23.3,8.8,15.3,0.0,0.0,12.5,19.23,2021,12,13,"f4b553d2-e1f4-493c-bbab-b62e19b2a36d"
22.4,8.0,14.5,0.0,0.0,15.2,19.07,2021,12,14,"0997c8eb-f502-4981-bafb-f79de1d0a1fb"
22.7,7.7,14.5,0.0,0.0,11.3,18.88,2021,12,15,"efb1764b-d145-4726-b85c-cdc7d7114eb6"
23.2,8.8,15.3,0.0,0.0,11.9,19.01,2021,12,16,"48c6e661-1fa4-4ae6-aab8-81b040701bd1"
22.0,6.6,14.8,0.0,0.0,10.6,17.55,2021,12,17,"3d1a2bf7-aac1-41b9-a673-74112a160e37"
21.5,8.0,14.7,0.0,0.0,10.0,17.34,2021,12,18,"dc1fff37-de25-4e7a-ac17-acfacae0c62f"
22.5,10.2,15.0,0.1,1.0,15.9,17.13,2021,12,19,"154f9e27-d4c9-44a6-bf69-9a6d48376881"
20.4,7.9,14.3,0.0,0.0,8.7,16.23,2021,12,20,"26c9aee9-521a-4b2a-984e-fba19008f8bb"
20.7,7.3,13.3,0.0,0.0,11.5,17.13,2021,12,21,"df269ef1-b4c1-4419-8907-cac7a7b4c363"
22.4,4.5,13.5,0.0,0.0,9.9,19.84,2021,12,22,"43bbbf56-4c37-40d1-b94d-37e91105f736"
23.2,5.8,14.4,0.0,0.0,11.3,20.04,2021,12,23,"6b4b3065-443d-46f6-8f77-bdb9ea1aa19f"
24.5,8.5,15.7,0.0,0.0,11.9,19.94,2021,12,24,"efedc62e-6dfb-41a9-895d-c52190e9b5a3"
25.3,9.4,16.3,0.0,0.0,20.6,20.19,2021,12,25,"74c8336c-9b39-49dd-934a-508276040cb5"
24.9,6.5,15.7,0.0,0.0,10.5,20.6,2021,12,26,"2f1da8c1-6fe7-44a3-ba55-c0b4f0b4a235"
25.2,7.1,15.9,0.0,0.0,16.7,20.12,2021,12,27,"2ba83f75-90c4-4513-8015-5678bc9c3b02"
24.1,5.7,14.1,0.0,0.0,19.2,19.65,2021,12,28,"51f301a1-3bc5-4a4d-850e-441bbc94d558"
25.2,4.1,12.9,0.0,0.0,18.8,20.42,2021,12,29,"638cfb66-3863-4fc2-aa9b-30d07c73e506"
24.0,8.3,14.9,0.0,0.0,11.3,20.27,2021,12,30,"4cd6011c-4d73-4ade-9438-f0da8a546de9"
24.0,6.4,14.3,0.0,0.0,19.5,20.38,2021,12,31,"5388a002-ea51-4701-9954-1493e39f4a80"
24.0,5.6,14.7,0.0,0.0,10.0,20.41,2022,1,1,"6dc8ab7e-48b8-4033-8589-810efbcb1228"
24.2,10.0,15.6,0.0,0.0,28.1,20.25,2022,1,2,"e3b3d4dc-9f50-45c7-9dba-d265b5893791"
22.3,7.3,13.4,0.0,0.0,10.5,18.26,2022,1,3,"6aa5d310-5517-4366-be30-332a4a4a6bf6"
24.2,7.3,15.3,0.0,0.0,10.4,20.31,2022,1,4,"f667f189-f392-47cb-93a5-0bfdf296d4a2"
24.5,10.7,16.4,0.0,0.0,12.2,19.51,2022,1,5,"351bdb48-fe84-459f-9be9-d4841949a64b"
24.4,7.4,14.7,2.7,2.0,20.9,18.47,2022,1,6,"42645902-c4ca-49f6-8559-1073c9695e83"
23.0,7.9,13.8,0.0,0.0,18.5,16.46,2022,1,7,"7714454f-4fc2-4f4e-8a06-429b37a12639"
21.7,5.6,13.4,0.2,2.0,19.6,18.06,2022,1,8,"c4ae2114-1a58-4519-a18b-871d87ac250d"
22.1,6.6,14.3,0.0,0.0,17.1,19.51,2022,1,9,"b5278e5c-eb83-468f-b1bc-36848c05abfd"
18.5,7.6,12.7,1.3,7.0,20.3,14.63,2022,1,10,"27bd8b6e-545d-4c34-a705-b3dcfa04ec46"
18.9,9.0,13.1,0.0,0.0,18.0,14.53,2022,1,11,"61a914a0-9101-48a4-8b5a-c2e28ae2ce2e"
21.0,5.2,12.2,0.0,0.0,13.4,19.11,2022,1,12,"f2c97cab-ffa9-4dbb-841c-1d834c3e01c7"
21.0,6.1,13.7,0.0,0.0,13.8,18.23,2022,1,13,"7b78f2f9-c6c6-420f-9d35-b3e56e6d17a6"
21.4,6.8,13.6,0.0,0.0,9.2,21.4,2022,1,14,"d949000e-89de-4a00-96cc-cb220f02fdc8"
21.0,4.6,12.7,0.1,1.0,15.0,18.96,2022,1,15,"ec7c88dd-1aeb-4d96-b60f-a00f9ae82b50"
19.3,6.4,11.5,2.9,4.0,11.6,15.65,2022,1,16,"1fc3741c-2d2c-4f19-bc81-4e5fb480cc90"
19.7,6.3,12.1,3.3,1.0,20.1,18.46,2022,1,17,"4758d9f7-2561-48e4-9d56-d91561ec542e"
21.3,4.3,12.8,0.0,0.0,15.8,20.08,2022,1,18,"2c6ac8f2-dc28-4df7-8ec8-aaedf28a26fc"
21.9,6.1,13.8,0.0,0.0,13.3,19.62,2022,1,19,"d08d0635-ff08-4480-b38a-7a495798042d"
22.2,9.9,15.2,0.0,0.0,15.5,16.86,2022,1,20,"150d77a7-e96d-4e87-be14-a9d0fed25cea"
20.7,8.9,14.3,0.0,0.0,23.5,14.36,2022,1,21,"33cbf501-e313-4d4c-86fa-248a2b65cad2"
22.2,7.5,14.4,2.9,6.0,14.2,18.4,2022,1,22,"cbd3665a-78ac-4370-8ab3-5796d81252d3"
22.2,5.5,13.1,0.0,0.0,18.9,19.58,2022,1,23,"61157ad9-604c-41d8-a899-99e94dc9e851"
21.7,6.0,14.1,0.0,0.0,22.9,18.3,2022,1,24,"2eaf4fd0-c4b8-411b-b0a9-670e202c31c0"
23.4,5.3,13.6,0.0,0.0,15.4,21.23,2022,1,25,"d68d94f5-58fc-40b2-9979-252f509b60a9"
22.8,6.8,14.2,0.0,0.0,15.0,21.68,2022,1,26,"ccb45597-4666-443e-b1c7-69b13b269773"
23.5,7.0,14.8,0.0,0.0,17.7,20.42,2022,1,27,"c6716c6a-f961-45f6-b289-e194a1511532"
22.8,7.8,14.4,0.0,0.0,22.9,20.92,2022,1,28,"b96ae0ac-f601-40b8-8915-839598bd2b60"
21.0,5.9,12.4,0.5,2.0,15.3,19.91,2022,1,29,"7ce6d226-ffb8-453f-8c4e-1f126669ce43"
22.9,6.4,14.5,0.0,0.0,10.2,21.3,2022,1,30,"a6ae9710-aeb2-4620-bb71-696ab4eb3177"
24.3,5.8,14.4,0.1,1.0,20.0,20.03,2022,1,31,"2329e2b3-3dd9-4994-b051-29015bd26875"
25.4,7.5,16.3,0.0,0.0,16.9,26.58,2022,3,1,"91fe336d-3bd7-4f02-8c05-848ab5e0551f"
26.3,8.8,17.1,0.0,0.0,16.8,26.97,2022,3,2,"ed3af5fa-dc26-4b3e-bf0f-88adb73b977d"
26.9,8.3,17.8,0.0,0.0,22.0,26.0,2022,3,3,"e07521b4-d335-43a2-8cba-5356e263d3fb"
26.8,8.5,17.2,0.0,0.0,20.6,25.41,2022,3,4,"352a5da3-b435-47f1-ac28-04d633598535"
25.0,8.4,17.3,0.0,0.0,13.8,25.05,2022,3,5,"739e743a-4773-48b2-8380-b9d34e5fbca3"
26.3,9.5,17.9,0.0,0.0,17.7,23.8,2022,3,6,"4f53174a-57d9-4237-b32b-0f7046d3cadd"
25.8,10.5,18.1,0.3,1.0,17.8,21.91,2022,3,7,"e957e7c1-31e2-4272-aace-0ba215e2afb0"
25.4,9.9,18.0,0.0,0.0,23.3,23.86,2022,3,8,"3391fcb4-af18-4cb9-aa2c-de93d9cc2ba8"
26.9,7.3,17.6,0.0,0.0,26.9,26.96,2022,3,9,"7bad0ee3-0c28-4fbb-afda-fe9e7bbf4378"
27.3,9.4,18.0,0.0,0.0,22.7,27.38,2022,3,10,"9599acca-3df2-4f84-8cb3-6259f3ccbf7c"
28.3,6.0,17.9,0.0,0.0,17.4,27.45,2022,3,11,"15a0fb5a-4299-4873-a13f-f46809ee37e5"
26.3,5.4,15.0,0.0,0.0,29.5,26.58,2022,3,12,"1b188bd5-c43e-40da-8f9c-3f98911e4292"
26.9,4.0,15.1,0.0,0.0,20.1,26.03,2022,3,13,"02a4a0ae-c7a8-414d-b3de-561d5db743c1"
28.7,8.8,18.1,1.4,1.0,24.0,24.69,2022,3,14,"36af4ca3-f4d4-4ecb-b9bc-179811ec96eb"
25.8,10.7,16.9,2.4,1.0,20.3,22.73,2022,3,15,"d703d2ea-41e3-40f7-b77a-76baf3d3b649"
25.1,8.5,16.1,0.5,2.0,15.3,24.62,2022,3,16,"5e039bf9-62ef-4eb8-92f9-801a2ac52f49"
24.9,8.5,17.3,0.0,0.0,13.2,24.26,2022,3,17,"db5e4ff1-bb15-4bc6-bf0c-08d755236e5e"
26.1,8.5,17.6,0.0,0.0,17.7,25.42,2022,3,18,"ecb4b86a-66b8-4823-8f14-c977d73bd0a4"
25.8,9.5,17.6,0.1,1.0,20.5,24.62,2022,3,19,"c2b0709a-0eb8-4979-9cc5-8ac024137f4c"
25.0,8.7,16.4,0.0,0.0,12.1,24.27,2022,3,20,"be621377-cfdb-4b2a-85ac-2442147a279e"
25.8,10.3,18.0,0.0,0.0,18.1,25.74,2022,3,21,"1be02dbb-eab8-401f-8f79-cd06a7667c7b"
26.2,7.2,16.9,0.0,0.0,17.5,24.2,2022,3,22,"fe717cb0-88be-42d9-93ee-8de94bc46604"
27.1,7.3,17.4,0.0,0.0,21.7,28.53,2022,3,23,"5da49f02-71cf-4875-bcc0-dde637706749"
26.4,6.8,16.0,0.0,0.0,20.5,28.51,2022,3,24,"4f95477f-adef-4d42-9c99-a5a39e0eb4d7"
25.3,7.1,16.2,0.0,0.0,23.9,26.6,2022,3,25,"f0f8fe37-159d-4368-8bb9-81de733bd453"
25.4,7.7,16.5,0.0,0.0,19.1,27.9,2022,3,26,"beed1fde-3dda-4096-b321-8462def047f1"
26.8,7.6,17.4,0.0,0.0,11.2,26.85,2022,3,27,"dec26f6d-61ac-49e0-aa69-c7f84a249e5c"
27.6,10.1,19.2,0.0,0.0,19.1,28.01,2022,3,28,"e76d5ecb-d2f2-4430-b15c-3f009887db06"
29.7,9.6,19.3,0.0,0.0,29.9,27.56,2022,3,29,"ff31b475-0e3f-4a59-ae40-e0a2976d9cb7"
31.5,9.7,20.2,0.0,0.0,30.3,28.8,2022,3,30,"955503da-9cbf-4177-aa49-802c25607b81"
29.7,10.9,20.2,0.0,0.0,27.1,28.84,2022,3,31,"204ec00b-8930-44a6-a0b4-9c81507a146d"
27.1,13.8,20.9,0.0,0.0,19.6,21.84,2022,5,1,"07d13698-93f6-4aa9-b818-f6a70ee0c461"
30.7,11.3,21.4,0.1,1.0,12.7,28.14,2022,5,2,"d4cefefa-eff0-4d1b-b04f-9e0586355fb1"
30.0,12.2,21.0,0.0,0.0,21.4,27.48,2022,5,3,"e0d3080a-b8a4-4cc1-bc81-3a893297a3cb"
28.9,12.7,20.9,0.0,0.0,23.8,24.97,2022,5,4,"1f6e8e22-0ebb-4ef6-85f1-4e6e46fae4fc"
30.9,12.1,21.6,0.0,0.0,25.9,27.69,2022,5,5,"d4d0910f-59dd-4a44-b694-d429f55a3d25"
30.6,15.7,21.6,5.7,3.0,21.3,24.19,2022,5,6,"3366d1c5-a5b6-4674-97e7-39d7f22f2ef3"
29.2,12.5,21.5,0.0,0.0,18.4,26.85,2022,5,7,"cbfc76fb-0f63-44bc-ab49-6cd9f8c9e864"
29.0,13.2,21.1,0.8,2.0,23.7,24.14,2022,5,8,"711a3ea0-4bba-49a5-a386-189c144e8de5"
31.6,12.8,21.6,0.0,0.0,18.8,27.31,2022,5,9,"09b944f3-5d41-4119-bc24-8ca6d423a106"
32.7,13.6,22.5,0.0,0.0,27.4,28.46,2022,5,10,"7743109b-9329-48a3-a7fc-8a610132e4e5"
27.9,12.9,20.1,0.6,3.0,25.1,27.43,2022,5,11,"103acf5a-ae4e-4ca5-bf3c-2231f240e1b6"
28.7,10.6,19.2,0.1,1.0,28.4,29.86,2022,5,12,"4070d8f0-76f2-4e89-8fe1-c1f4d08a0a06"
28.5,11.4,20.6,0.0,0.0,20.9,30.0,2022,5,13,"6c2111ce-7774-424e-8713-02843e3b4184"
29.6,12.2,20.9,0.0,0.0,23.5,29.58,2022,5,14,"02f8cfc7-a1b6-4d28-bf0e-1e2d5a3b0c58"
29.2,14.5,20.9,0.0,0.0,22.5,28.24,2022,5,15,"3ec990e6-51ca-486a-bdc2-3a2a6b33e51a"
28.4,10.8,20.0,0.0,0.0,18.9,30.91,2022,5,16,"9f834f19-3002-4161-8e27-6703352eef0b"
29.2,12.0,21.1,0.0,0.0,16.0,30.15,2022,5,17,"1be5222c-58f9-47cf-85e3-a0b87ea2401a"
29.2,12.1,21.9,0.0,0.0,19.8,28.7,2022,5,18,"07160ce7-d596-4bcd-bd45-5d92eaaa6819"
30.5,14.4,22.5,0.0,0.0,18.1,25.98,2022,5,19,"03cf7fc0-72a2-45bd-9f80-fc8be134f206"
30.4,13.8,22.1,0.0,0.0,20.5,27.28,2022,5,20,"3ab00ec5-f414-4a45-ab16-ca32419d2c6e"
30.5,14.2,22.8,0.0,0.0,13.4,27.5,2022,5,21,"6cc9c91c-3b87-4571-b040-9781e97575f2"
28.8,16.3,21.0,3.6,2.0,25.5,23.85,2022,5,22,"62ef0047-f62a-4118-a0b7-c850f91e7aca"
26.0,13.4,18.3,15.0,12.0,26.7,22.95,2022,5,23,"e187269c-375b-419d-b0c9-f1b917096f2d"
26.8,12.2,19.0,0.3,1.0,28.5,24.21,2022,5,24,"1ba6d520-26c2-4fe4-9f0b-47396959fc52"
28.2,10.6,20.0,0.0,0.0,19.4,26.49,2022,5,25,"66f5e2e4-650e-41dd-9924-929db633ffa8"
29.5,13.2,21.0,0.0,0.0,23.4,25.88,2022,5,26,"8d7a2521-c3c5-4172-95bf-02b64a0e791b"
29.7,11.4,20.3,0.0,0.0,24.6,29.0,2022,5,27,"57d142b1-8c78-4b24-a4a8-5bcb78593c0e"
28.3,11.3,19.8,0.2,1.0,20.4,28.45,2022,5,28,"fd266ad1-3653-4f24-bdd5-af75d33c608b"
27.5,12.4,19.8,0.0,0.0,17.3,27.67,2022,5,29,"d5666b76-1c24-4d5a-a40d-1dcb1909cc76"
29.5,13.8,20.3,0.1,1.0,28.0,26.72,2022,5,30,"e35ebe70-fa99-417e-b8b4-aabe36af9179"
27.2,14.0,19.3,0.3,2.0,29.7,25.11,2022,5,31,"3facdd84-b756-40f1-8144-195c0059edb4"
22.1,12.8,17.2,3.6,7.0,11.8,23.95,2022,7,1,"3cc04526-01c0-4554-b6c1-5663d2bd7813"
23.9,12.5,17.5,5.2,4.0,23.7,25.25,2022,7,2,"ac9d335b-f003-4bd0-8b5c-24adf0408b6a"
24.6,13.7,18.6,2.8,8.0,15.5,27.27,2022,7,3,"98f47053-0aad-40f6-b7d7-fe5c017d624d"
22.8,12.7,17.6,2.9,3.0,13.7,22.64,2022,7,4,"ece77c01-eedd-44c8-8ac1-08d8fef7cb5e"
22.9,12.8,17.0,5.1,3.0,13.4,22.59,2022,7,5,"0603d9d1-bff9-44e4-8aaa-af0616167040"
23.9,12.4,17.3,1.7,6.0,17.7,26.27,2022,7,6,"27671baf-800b-473d-b3fb-7fc2cf393502"
20.6,13.0,16.4,14.0,9.0,15.2,20.1,2022,7,7,"0ed7c8fc-f884-4ab0-8b04-f0c5240b53df"
23.0,12.9,17.1,7.9,8.0,22.1,24.25,2022,7,8,"a8e2ccb1-3198-4fc8-a2b5-48858c7fd0ac"
22.4,13.4,16.7,8.6,10.0,16.5,23.08,2022,7,9,"6cf2ddff-4246-43db-b1fd-745e4769dd2b"
23.2,12.1,17.2,0.0,0.0,14.8,26.54,2022,7,10,"72c101f2-353c-45cb-b31f-5d8caec0921c"
23.0,14.0,17.4,9.6,7.0,13.5,23.8,2022,7,11,"0781bc71-5341-4897-b71c-179a8194f66f"
24.0,11.3,17.8,0.4,3.0,19.8,27.54,2022,7,12,"25a7f170-6909-4b8d-a7c2-466e21205386"
23.2,11.9,16.9,3.8,6.0,12.3,26.47,2022,7,13,"2555cbae-738f-454b-83c7-593aac462d95"
23.0,11.9,16.8,9.8,15.0,24.3,24.22,2022,7,14,"3934332d-0467-4901-8d78-8935b76eb019"
22.0,12.7,16.4,19.3,13.0,16.2,20.89,2022,7,15,"e3837f91-4853-4b64-8805-3814c1952298"
22.1,11.3,15.9,4.4,10.0,14.2,22.31,2022,7,16,"0b7da1fa-0579-414b-942c-7a4ed37b3ea5"
21.6,11.9,15.6,4.7,5.0,11.2,22.41,2022,7,17,"31e50ef8-b89b-4f34-a425-230163f1c6c3"
21.7,11.8,15.9,3.1,4.0,11.4,20.0,2022,7,18,"20350097-1878-42f0-8fc8-925c5ddf2c4b"
24.1,11.2,17.7,0.1,1.0,11.3,25.66,2022,7,19,"89d751b6-8f3d-415b-8bc4-d41fc1e78fec"
24.8,12.0,18.2,0.0,0.0,10.8,25.91,2022,7,20,"838029d0-b69c-4d23-8f8c-8a8d3d6ee74a"
25.3,13.2,18.7,0.0,0.0,20.5,29.38,2022,7,21,"99126fbe-3de0-4fd8-b71f-1db5fa2c1bcc"
24.6,11.3,17.2,0.2,1.0,23.7,27.48,2022,7,22,"26855163-548c-4af8-819b-b0cc8b7f13a2"
22.9,12.4,16.9,0.9,2.0,15.6,24.97,2022,7,23,"7744db5b-1970-40e0-a9de-e2ca02e62629"
22.9,12.2,16.4,12.0,10.0,10.2,23.1,2022,7,24,"043484f6-849b-4daf-a584-d473a6f211aa"
21.1,12.0,16.0,14.1,10.0,11.5,18.32,2022,7,25,"a481d066-168d-4a0f-920f-f5d9de8f9405"
23.9,11.6,17.4,0.2,2.0,13.3,26.34,2022,7,26,"09fc97a7-bd4d-4af0-abc8-f9681f48d877"
21.3,12.3,16.1,1.8,4.0,22.0,23.78,2022,7,27,"eaa5a4c3-6897-4e87-a15b-902cea6c605d"
22.8,11.6,16.2,0.7,3.0,12.4,25.11,2022,7,28,"7a3d41df-5346-47c9-b811-ea8f9fdde86c"
20.4,13.1,16.1,17.0,15.0,11.6,19.29,2022,7,29,"38f09a59-a17d-44cc-87ac-0c96b69e0031"
22.9,12.6,17.1,0.8,6.0,21.3,26.79,2022,7,30,"d6e85e51-4fa7-4fa8-8681-2f0c198f0811"
21.0,12.0,15.9,6.1,8.0,20.9,25.48,2022,7,31,"ffa410ba-9800-459a-8f83-86c799dc0ff5"
21.1,12.1,16.0,8.2,9.0,12.8,19.92,2022,8,1,"075ceb2e-756f-4232-ac47-a0a789e5f852"
21.8,11.0,16.3,8.5,12.0,19.1,23.52,2022,8,2,"f68129e9-07a1-47c5-b605-bf770c2559b8"
23.5,12.1,17.3,1.0,4.0,13.3,27.24,2022,8,3,"59e91511-436d-4e2a-ad7b-30d65886ae1e"
25.1,12.0,17.9,0.8,5.0,18.1,26.05,2022,8,4,"bd148f28-1770-4861-aac6-0ecdcacfe777"
23.7,11.8,17.0,0.4,4.0,22.9,26.73,2022,8,5,"b526f901-0f36-4388-a069-3d6aa8a69d74"
23.6,10.1,16.6,0.0,0.0,20.9,26.86,2022,8,6,"8a55fc54-7bb9-41e4-bd9b-fc3c0fa3c67d"
22.7,12.2,16.5,3.6,6.0,14.7,23.84,2022,8,7,"c24e5e5c-6794-4bf3-aaac-aaa5769244b3"
22.5,11.5,16.0,3.9,8.0,18.4,24.45,2022,8,8,"16f50946-932f-4189-856a-aef8e5d482d7"
21.9,12.1,15.6,7.1,8.0,18.8,20.69,2022,8,9,"bf6ce63d-2c90-40c9-84f9-9c960b27c055"
22.7,12.9,16.8,2.8,5.0,17.4,23.39,2022,8,10,"a80b4b7e-92d7-4793-9fe9-3e319ca6fd2b"
22.9,12.4,17.1,2.0,6.0,19.5,23.12,2022,8,11,"44f6c921-3ada-4788-9cbd-d81cb2a29d83"
23.1,13.4,17.2,5.0,14.0,15.1,23.53,2022,8,12,"8bfb74fe-a2be-48a7-ab98-a179eb6f10eb"
20.5,12.2,16.1,18.6,9.0,13.1,21.37,2022,8,13,"07a6acaa-4ea1-4e71-abe7-a956c6753158"
20.9,11.8,16.2,7.3,6.0,14.2,21.41,2022,8,14,"6b78d32b-3dce-417a-bfca-32307bb0da42"
22.2,9.9,16.0,26.4,9.0,15.3,21.38,2022,8,15,"8625a4e9-4d1e-4aa8-9336-15c306fde9cb"
20.8,11.7,15.8,8.4,9.0,12.2,19.18,2022,8,16,"f260ab73-b76a-4ba3-8f3c-5810bdaf8cf6"
21.9,13.0,16.7,4.7,4.0,14.8,23.02,2022,8,17,"069be273-6b1b-4ffd-b105-0c6ae1a6388c"
21.5,11.9,16.0,9.1,12.0,11.3,22.47,2022,8,18,"38a6b2ef-194b-445f-a961-9b275d88f9fa"
22.0,12.0,16.9,0.2,2.0,12.2,22.72,2022,8,19,"4f09b8e6-dfcd-4137-aae3-467e14fd6edc"
21.5,11.2,16.0,15.7,8.0,13.0,18.94,2022,8,20,"ed7fce0b-b242-4216-9983-7802ef629aca"
20.4,12.7,16.4,18.2,11.0,11.9,21.01,2022,8,21,"ca43edc5-b9c1-46b9-b88b-c2efeb7ba04e"
21.8,12.5,16.2,6.6,2.0,15.8,23.62,2022,8,22,"58b5cf8a-8ee8-4c98-a6c0-7f6f2265e6dd"
22.8,11.9,16.9,0.1,1.0,13.0,24.72,2022,8,23,"8e528883-f29a-49b2-9244-31e72b24cc7d"
23.2,11.9,16.6,3.8,6.0,23.1,24.78,2022,8,24,"9606486e-bf15-4d3f-8aba-e15662bf35a2"
24.7,12.5,17.3,1.5,10.0,21.7,27.2,2022,8,25,"939b9395-cbf0-451d-a348-edc51587d5a1"
22.6,10.8,16.2,2.4,9.0,15.8,25.91,2022,8,26,"cbacdc86-b0e2-4e54-9c5e-bf2f042fdb1e"
21.5,11.5,17.1,0.0,0.0,17.0,23.38,2022,8,27,"cfd56dfc-935e-451d-9556-f7ac022447fa"
22.1,12.4,16.3,15.7,7.0,16.3,21.35,2022,8,28,"278e2b6b-89c4-4f3c-9380-5581a73f7546"
21.1,11.2,16.3,5.0,4.0,13.0,20.71,2022,8,29,"d752f8d7-27cc-44f6-8818-106ab6385a34"
23.3,10.8,16.6,6.0,7.0,13.6,22.99,2022,8,30,"4728b2d8-28d4-45af-8830-1f62f0f0c539"
24.1,13.6,17.8,3.5,5.0,16.4,24.18,2022,8,31,"822d4a99-722c-4384-ba23-21f3a62c8cc4"
21.8,7.0,13.5,2.2,2.0,15.6,24.68,2022,10,1,"0e3cd73a-5a20-4557-97a8-669c5f8d50e5"
23.0,8.1,14.3,0.0,0.0,18.8,24.58,2022,10,2,"a97247ca-40e9-4b08-a38f-359aba12e75c"
21.5,8.7,14.6,0.1,1.0,16.6,23.92,2022,10,3,"ba5cc0f0-0517-4661-b54a-ba114629aa9c"
21.3,10.0,15.2,0.0,0.0,11.2,21.87,2022,10,4,"9f8a6230-1596-4297-81df-89348f4cdc99"
20.2,10.1,14.9,1.9,2.0,14.8,18.4,2022,10,5,"f23e785c-2255-4e1d-8b68-eeb58cfd7429"
20.7,12.2,15.2,10.2,10.0,17.2,17.22,2022,10,6,"d5f3cced-8d02-48eb-940c-1745b7e3b5ec"
21.4,11.6,15.5,2.2,8.0,15.5,21.45,2022,10,7,"b84037f4-7d7f-4913-91a2-cd8addbdf951"
21.1,12.3,15.6,2.5,10.0,19.2,21.2,2022,10,8,"e406f63f-1810-4b42-be27-3deca121e5be"
19.6,10.7,14.6,1.5,9.0,22.6,15.09,2022,10,9,"88ad2f7d-d942-4e44-9356-47ad28322cfe"
20.1,10.2,14.5,3.2,11.0,19.1,15.9,2022,10,10,"3569b3dd-132e-4622-9a80-fd238ba340cd"
19.6,11.4,15.0,2.2,11.0,12.6,12.47,2022,10,11,"ed9aa26b-a499-462d-a528-5b929f4b93b6"
22.7,11.7,16.5,0.5,3.0,14.2,20.48,2022,10,12,"ff1881a6-51a2-4633-87d0-79499c5dabc1"
22.8,9.2,15.2,0.0,0.0,14.5,24.43,2022,10,13,"0917668a-7bfd-4813-99ef-c16ac797c8bc"
21.8,9.7,15.1,0.0,0.0,18.0,24.36,2022,10,14,"1293526f-e7d1-4807-9f51-f65606b653fa"
23.2,10.6,15.9,0.1,1.0,17.0,22.65,2022,10,15,"1e333bba-dcf4-4d5b-9aca-54eeca7c5204"
24.1,12.8,17.0,0.0,0.0,13.0,20.81,2022,10,16,"cc3ecf39-b18b-43d6-a5bd-97149ccdbf07"
22.8,13.0,16.7,6.1,3.0,13.5,18.22,2022,10,17,"9146b523-d401-4d9c-83a4-f8056f5d4444"
21.6,12.9,15.7,16.1,15.0,13.9,14.04,2022,10,18,"bee564db-61c7-4fec-8480-d193af81b7ef"
18.9,10.7,14.3,0.9,4.0,19.2,13.06,2022,10,19,"c63f3071-2008-4136-abe7-cf09478a742f"
19.7,8.3,13.5,3.0,7.0,10.7,18.42,2022,10,20,"6ac42d75-8432-43c3-8c23-f88b7eccdf50"
19.2,10.4,14.9,0.4,1.0,14.9,13.29,2022,10,21,"cbc6b83c-2b68-4263-bd6b-719982961ef6"
22.6,9.9,16.0,0.2,2.0,8.3,20.49,2022,10,22,"1031bf23-cc3c-49a6-bbb6-84ee0e3ddf08"
24.2,11.8,17.6,0.0,0.0,12.0,22.2,2022,10,23,"905e6d62-c69c-4331-b129-f47a78c8cb50"
25.4,14.3,18.6,0.0,0.0,15.1,22.79,2022,10,24,"a02168be-40a9-4d70-858f-6ceda5e40926"
24.5,12.5,18.0,0.0,0.0,17.8,23.13,2022,10,25,"0f618f8a-d551-4223-8664-a687b1878619"
24.8,11.2,17.9,0.0,0.0,22.6,20.71,2022,10,26,"1cd0d3e1-7d2b-4795-bc60-8d1d17f52590"
23.5,11.9,16.8,1.4,2.0,12.4,17.62,2022,10,27,"9f1a66f5-4d04-4a17-a3a0-d29ed041266b"
26.3,10.3,17.5,0.2,2.0,18.5,20.4,2022,10,28,"7bed11c8-eaa1-460c-a9c6-87f3200484d8"
23.2,12.6,17.4,1.1,2.0,14.1,17.22,2022,10,29,"aefc1a9b-6072-4235-bf8b-50ba9a1f50ec"
23.9,10.5,17.1,0.6,1.0,19.4,19.31,2022,10,30,"532ded17-ece4-4c4c-bc78-a03fc12062d4"
23.8,9.4,16.1,0.2,1.0,19.2,18.85,2022,10,31,"6afc053c-89b4-4946-90df-e94549e705c4"
22.0,11.1,15.8,0.0,0.0,13.3,18.97,2022,12,1,"f13d68b4-9ba6-4279-bdf8-d5eb43eae475"
23.6,7.7,14.9,0.0,0.0,16.1,18.47,2022,12,2,"6125e22d-3eee-44b0-93b6-8d40e7ef7f5a"
23.9,9.6,15.7,0.0,0.0,20.9,17.24,2022,12,3,"73c37a69-ba0c-4b16-9918-a934ae7c26ed"
21.7,8.0,14.9,0.0,0.0,18.9,20.05,2022,12,4,"19ec12a8-df30-4e58-a763-a37c3d2e5e03"
23.6,7.3,14.6,0.0,0.0,16.6,19.53,2022,12,5,"45ea6a22-31ca-4757-a848-5c2106192dfd"
24.2,8.1,16.7,0.0,0.0,11.8,19.5,2022,12,6,"b9b0d265-ba0b-41e8-ab22-1179efa7ca26"
25.3,8.5,15.8,0.0,0.0,12.0,20.83,2022,12,7,"03d52e14-f366-4f52-9a33-6c017d1dec87"
22.5,4.8,13.3,0.0,0.0,13.4,20.08,2022,12,8,"1482477c-2d14-4422-b289-8c4ae6841c7c"
22.8,8.3,14.3,0.1,1.0,13.4,18.19,2022,12,9,"6990a75b-5ae8-4d74-bc30-a18f7bf31398"
22.6,6.8,14.4,0.0,0.0,12.8,18.72,2022,12,10,"3a83181e-d1f4-428e-a34a-eee40cbf3912"
22.9,7.3,14.9,0.0,0.0,13.2,20.26,2022,12,11,"3617ef80-0777-42b1-9c97-71f66da25e6d"
22.6,6.8,14.1,0.0,0.0,16.0,19.62,2022,12,12,"e5ef5823-9171-4ba4-8fac-7c41545c8b98"
23.1,6.3,14.4,0.0,0.0,22.7,20.03,2022,12,13,"40f14f9b-e3f8-4a7e-94ba-ed9cf9b531c3"
24.2,4.1,13.8,0.0,0.0,21.3,20.45,2022,12,14,"aa58adc1-bc79-4b64-8010-3df884b834fe"
23.8,7.8,14.2,0.0,0.0,16.6,19.94,2022,12,15,"2a7dc066-cfa5-49f9-a088-e4781a3262cc"
24.4,7.2,14.6,0.0,0.0,17.6,19.74,2022,12,16,"68469e16-c4ad-4954-9615-570bbb020d1b"
23.2,7.4,14.6,0.0,0.0,12.9,19.12,2022,12,17,"6a470e72-a3a5-4564-933b-0476492ecc4f"
23.1,6.4,14.7,0.0,0.0,15.3,18.68,2022,12,18,"74ffff23-02c7-4b4d-82f5-cb4bb7baa52b"
22.8,6.8,14.5,0.0,0.0,12.3,19.64,2022,12,19,"f5609624-c17e-4a7e-b8d2-b90ca696b34d"
23.2,7.8,14.8,0.0,0.0,20.6,19.06,2022,12,20,"23745ade-6724-4e66-9416-7ee19076cdc7"
21.1,4.9,12.5,0.0,0.0,18.5,17.11,2022,12,21,"f33fa284-6207-4724-84aa-ca7f8de8cd5b"
22.1,6.9,14.8,0.0,0.0,12.0,18.75,2022,12,22,"c7bbbc75-1e73-4b40-a07f-2d3dc5382e19"
20.1,9.2,14.5,0.0,0.0,14.5,15.22,2022,12,23,"72c9f14d-0c99-4a4e-ab77-9427f2fa8d48"
20.0,6.2,12.8,0.0,0.0,10.9,15.36,2022,12,24,"7475ced2-4e3d-4d08-b2b7-6b1d9a19de10"
15.0,6.5,10.8,5.1,6.0,13.1,13.34,2022,12,25,"76a7c56f-dc75-4a71-905a-e1b9b971050a"
16.8,4.8,10.5,0.0,0.0,15.5,17.02,2022,12,26,"d6147504-73d3-4617-a1b1-b964425b6551"
18.1,5.6,11.2,0.0,0.0,14.8,18.01,2022,12,27,"dfe0fe9e-7e62-483b-b3fc-529f1aac5213"
20.5,2.8,11.0,0.0,0.0,15.3,17.96,2022,12,28,"005f4320-57c9-46ba-bf98-705d5a69da3c"
20.6,2.7,11.3,0.0,0.0,23.0,16.11,2022,12,29,"a3dfa695-d2b9-4f86-b681-01e5aa8333a7"
20.5,5.7,12.4,0.6,2.0,20.5,15.25,2022,12,30,"e65eff0e-7b81-4eba-b7d9-570a4a621185"
21.2,9.6,14.7,0.1,1.0,16.2,17.46,2022,12,31,"389eff83-8c84-4ad8-b1e6-b30a406a8987"
21.1,5.9,12.8,0.0,0.0,15.5,17.52,2023,1,1,"aa5da780-62d0-4ced-8502-a5adf43e3314"
21.3,5.9,13.4,0.0,0.0,22.0,17.36,2023,1,2,"7033f06a-742b-45b1-9f4e-3b0835f3f7e6"
23.0,5.8,14.7,0.1,1.0,10.4,18.6,2023,1,3,"1b16b479-2572-4afb-87bb-9b4f199e4be7"
22.9,6.7,14.3,0.0,0.0,18.8,20.03,2023,1,4,"37a7e1c0-1a36-4f61-a805-578d1558a36d"
22.0,7.7,14.2,0.3,3.0,20.5,19.44,2023,1,5,"1072f910-b326-4443-b2b9-a1e31a8ee173"
21.6,8.0,13.7,0.0,0.0,12.7,19.97,2023,1,6,"eeb6e336-bb69-49c4-bb32-9651871cb429"
22.0,5.9,13.6,0.0,0.0,11.7,20.34,2023,1,7,"3cffdea8-d1e8-4b50-a9ce-2399556787dd"
22.2,7.2,13.9,0.0,0.0,14.5,20.6,2023,1,8,"a462f00f-4703-4514-8b19-d07dc0709b6d"
21.2,6.9,13.5,0.0,0.0,14.0,18.69,2023,1,9,"fcc6aba7-f290-4d11-bcd1-c1d15bda8cce"
20.0,7.9,13.6,0.0,0.0,18.3,17.38,2023,1,10,"3f7c16dd-9491-476f-a38c-a3fff5d2e26e"
20.4,5.5,12.7,0.0,0.0,14.6,17.94,2023,1,11,"a63d604f-1a16-4cb1-93cc-c6d35a73620d"
21.5,6.4,13.6,0.0,0.0,21.7,19.04,2023,1,12,"4654525b-8945-49c2-b30e-4443fa41fdcd"
20.6,8.9,13.2,0.7,4.0,22.7,18.14,2023,1,13,"a60392c7-1ade-4b4b-b6d8-62e22d54be48"
20.9,2.5,11.3,0.0,0.0,9.7,20.99,2023,1,14,"67c47bcc-aeee-47eb-b4d2-1a35fb09c7b3"
21.3,4.1,12.5,0.0,0.0,17.9,21.04,2023,1,15,"9fff639b-75ca-4acf-8c2e-4b032b8d1a84"
23.7,4.4,13.4,0.0,0.0,15.0,21.29,2023,1,16,"4d3b31fb-82d1-4d13-96c0-9188e1d1fe2e"
24.4,8.4,15.0,0.0,0.0,22.7,20.94,2023,1,17,"fda74330-02d2-4d3b-8712-8c63e0162313"
25.0,5.2,15.2,0.0,0.0,15.3,20.42,2023,1,18,"28433977-df40-4f00-a07f-ae24fbffe511"
25.7,8.5,16.6,0.0,0.0,18.8,20.43,2023,1,19,"75d88f78-98c2-4f56-9445-30d758d79c77"
25.3,6.9,15.1,0.0,0.0,14.5,20.66,2023,1,20,"5da739d4-53ce-4e98-987f-c982340734e9"
24.2,7.5,15.4,0.0,0.0,16.4,20.8,2023,1,21,"e4094a7d-ec36-44b3-be21-a1a1949051c9"
23.8,6.9,14.5,0.0,0.0,15.9,20.97,2023,1,22,"7469ad84-b08e-47dd-9780-d98c39ba656a"
23.7,5.2,14.0,0.0,0.0,21.9,21.6,2023,1,23,"1e72a1f1-d3a7-415c-9e3a-8851bf0f5990"
24.8,4.6,14.8,0.0,0.0,12.3,21.84,2023,1,24,"53ba5d6b-dfb5-46b0-af7f-144a7066dc61"
24.1,7.6,14.7,0.0,0.0,25.7,21.54,2023,1,25,"43af54fd-7c09-4c9e-852a-749d463f52a9"
22.7,5.5,13.6,0.0,0.0,20.6,20.43,2023,1,26,"bcdcddd3-51c7-4b20-864f-c63c28556011"
22.8,3.2,12.1,0.0,0.0,15.5,22.04,2023,1,27,"f7836438-8b8b-4fdb-8f43-b693a0cc08b5"
23.9,5.0,13.9,0.0,0.0,16.2,21.1,2023,1,28,"22b44b3b-61d2-48e9-bc58-19f2976bd8c6"
24.6,9.9,16.6,0.0,0.0,12.3,21.64,2023,1,29,"bfa9ff27-8645-43aa-9afb-30ee080bc54f"
25.7,9.4,17.6,0.0,0.0,12.7,22.11,2023,1,30,"9954f628-bdc2-42f9-980a-6a198b1bc644"
26.1,7.8,16.6,0.0,0.0,14.6,22.68,2023,1,31,"34b0b5e5-ab56-4a6f-8798-e77442986911"
27.7,10.6,19.1,0.2,2.0,18.6,22.87,2023,3,1,"cb33b234-8804-493f-ac56-91c2daea38d0"
29.4,10.4,19.5,0.0,0.0,23.8,26.34,2023,3,2,"2b207798-f825-4dad-976c-5d45715c1a7c"
28.9,8.1,18.2,0.0,0.0,28.5,26.68,2023,3,3,"c70ea405-3dfc-4d63-975f-d27e93247e08"
28.4,7.2,17.9,0.0,0.0,24.5,26.48,2023,3,4,"a13412a4-03dc-42a9-888e-5f87d2fb18d5"
28.4,11.1,19.5,0.0,0.0,21.3,23.15,2023,3,5,"ef52d211-3828-4508-9c83-0ae528b83043"
27.9,10.5,19.4,0.0,0.0,21.2,24.96,2023,3,6,"faddb4d6-0b59-43d3-8118-2ee1d306146b"
28.0,11.3,19.3,0.0,0.0,13.0,26.87,2023,3,7,"d02ee0e5-495b-4c2b-926e-ed3b90af3b21"
27.3,10.8,19.3,0.0,0.0,16.1,26.91,2023,3,8,"1caec3a3-c601-4130-9f90-752d5d2e3651"
27.6,9.1,18.8,0.0,0.0,17.0,26.8,2023,3,9,"a77b50ba-8b5a-473e-81cc-55f3fa435281"
27.2,10.4,19.6,0.0,0.0,15.9,25.67,2023,3,10,"20d9464a-04eb-4c79-a298-96de2e6c51bd"
28.4,10.2,18.7,0.8,2.0,16.2,25.75,2023,3,11,"0a0897bf-afc5-4c53-bae6-cdfdee1e60a5"
26.5,10.7,17.6,0.5,2.0,16.7,21.74,2023,3,12,"b1d1f353-61a2-48be-9b94-9364ff8205b0"
25.0,10.1,17.3,0.0,0.0,30.6,21.41,2023,3,13,"971ad71d-376c-492b-8d49-c7f0050982ca"
23.4,8.0,16.0,0.2,2.0,28.4,21.64,2023,3,14,"c50377b5-e0c3-4b2d-b50c-a5e9617bd9a4"
21.9,11.3,15.4,4.1,2.0,19.1,21.2,2023,3,15,"fab1b90f-f04f-4f4b-998c-349180edb4c1"
22.6,7.5,15.6,0.1,1.0,16.6,22.56,2023,3,16,"efb0dcf1-40bf-4330-b70f-67dcfb340b84"
23.7,7.1,15.4,0.4,2.0,18.6,25.86,2023,3,17,"c2fa0128-d26a-4f5a-8cc4-70d2958c9cd5"
22.5,8.7,15.6,1.1,4.0,23.6,24.08,2023,3,18,"a8089763-0af0-4c0b-bbf2-989c33117fc6"
22.5,6.7,13.8,3.4,3.0,20.6,24.0,2023,3,19,"1568782a-f40a-43e5-8d71-1b543f23eb66"
23.7,5.1,14.3,0.0,0.0,20.4,26.67,2023,3,20,"24598579-e7f9-46a6-b10d-ad9f8c45fe41"
26.7,6.8,17.1,0.0,0.0,21.1,27.23,2023,3,21,"950b2baa-5b83-4796-aedd-eb717b878ffa"
26.6,12.6,18.9,0.0,0.0,26.3,25.71,2023,3,22,"3ebaa05d-4bb7-4034-ba74-fc0fdd77e88b"
28.3,10.2,18.9,0.0,0.0,19.1,24.72,2023,3,23,"70564139-921a-4ea1-af43-0288cc35feaa"
27.9,11.4,19.1,0.0,0.0,22.3,26.05,2023,3,24,"df1c92b1-fdf1-4a27-a444-375e5800cea4"
28.2,12.0,19.0,0.9,2.0,33.0,24.43,2023,3,25,"c3c19be7-a7fa-4c42-84dc-2ba167329002"
28.5,9.9,19.2,0.0,0.0,20.4,25.89,2023,3,26,"30d1631b-6c15-405b-a86b-ee9d44b7a2d6"
29.9,11.8,20.4,0.0,0.0,19.1,25.35,2023,3,27,"2f8980e3-cda2-42c8-8881-3aa9b694c33f"
28.5,13.9,19.0,3.0,4.0,33.1,24.08,2023,3,28,"ad2f5c68-970d-49a5-a631-1abce681a5fd"
26.3,12.9,18.0,0.6,5.0,15.3,25.51,2023,3,29,"c6cabad0-52eb-4c9e-a32e-e64633e693a2"
27.2,9.5,18.1,0.0,0.0,21.8,25.74,2023,3,30,"82e60bdc-4ccc-4541-b6e8-c8cacb74a2e4"
28.4,10.3,19.4,0.0,0.0,13.8,27.36,2023,3,31,"487f9cf5-41c2-4b6b-a618-80a6f732863e"
29.8,10.6,20.0,0.1,1.0,26.6,27.19,2023,5,1,"368adab8-e495-4fa2-9f1f-2321a84f92b8"
29.8,11.1,20.4,0.0,0.0,22.0,28.45,2023,5,2,"6272a50b-6da5-4f91-aa60-b8802aa5bc93"
29.7,11.6,20.8,0.0,0.0,18.5,27.87,2023,5,3,"7d55249e-b1d9-4f7f-bec3-c090a96a47b9"
27.8,13.1,20.3,0.8,2.0,18.9,20.94,2023,5,4,"d708874f-9649-4bfa-bc6e-e4fc5d50b269"
28.0,12.0,19.5,0.7,2.0,21.3,22.41,2023,5,5,"6f163210-f6fd-44d4-a934-6eb5a2161b61"
29.1,11.7,20.3,0.0,0.0,21.7,24.59,2023,5,6,"20834e3f-c963-4389-9402-9a361d64bbb7"
28.4,12.7,20.0,1.3,4.0,24.6,24.2,2023,5,7,"7a7cff40-5637-4020-9b0d-521494dfb8d7"
25.9,12.2,18.6,0.9,3.0,25.9,23.66,2023,5,8,"267180eb-87e7-472a-a7da-d5a025d0f1f4"
24.5,10.3,18.1,0.7,2.0,28.8,23.27,2023,5,9,"0ab1e4dd-ed22-4651-9f26-1ea0029d8cf9"
26.7,11.0,19.1,0.2,2.0,27.0,24.44,2023,5,10,"7f26f18b-d2df-4f22-920c-15e36aabd5a1"
27.1,10.2,19.2,0.2,2.0,22.0,25.53,2023,5,11,"9edca74a-3d56-4748-87ef-5f699a6333cf"
27.6,10.7,19.2,0.0,0.0,29.9,25.66,2023,5,12,"ab78a64e-3d2a-41b4-aa28-f48017b148c2"
25.0,10.7,18.1,1.8,2.0,25.4,22.55,2023,5,13,"9a875675-3763-4ea5-90c6-76c792f990d1"
24.6,10.4,16.9,0.1,1.0,13.6,23.02,2023,5,14,"2733374f-b3e8-4c62-8c5b-ed3f130413c6"
24.6,9.2,17.6,0.0,0.0,15.0,26.75,2023,5,15,"ae2c4bed-feff-430a-b009-bb74883bcbc1"
23.1,9.7,16.8,0.3,3.0,18.1,21.27,2023,5,16,"07ed2e3b-197b-4170-91d1-a9a39e8e5141"
25.0,8.9,16.9,0.4,1.0,19.5,24.49,2023,5,17,"3e878323-4df6-4277-9fe0-e872fda23daf"
26.2,9.2,17.8,0.5,3.0,25.2,24.83,2023,5,18,"f1699afb-5877-4c5e-907d-4b7edd32112a"
27.1,10.8,18.9,0.1,1.0,15.1,23.26,2023,5,19,"84897039-c4ba-4bc4-92a4-b79df7973028"
26.6,13.8,19.4,0.0,0.0,18.5,22.82,2023,5,20,"8ce6f2c7-f72f-4ab6-bc33-b11b9341acd7"
23.0,14.0,17.7,5.3,7.0,16.9,19.52,2023,5,21,"ebb2d637-4fc3-4ea7-9b9f-8da30592171f"
24.9,12.8,17.8,1.7,4.0,18.7,23.19,2023,5,22,"8f79fac3-0502-4e6c-a870-069b502227c4"
24.3,11.6,17.9,3.6,4.0,14.4,23.27,2023,5,23,"59cca1ff-00d2-4d36-826a-0ba4b9e01bb7"
25.6,11.9,18.8,0.1,1.0,15.6,24.76,2023,5,24,"99a59bd8-3403-4122-a203-44de0b3b68cd"
27.2,12.1,19.7,0.5,1.0,27.3,26.06,2023,5,25,"de9bca9b-c44c-45bd-95d7-26316716d33c"
25.8,13.0,18.6,6.3,1.0,21.1,26.32,2023,5,26,"0e29fdc9-3659-4c4f-bd4c-7bcd3fc6c17f"
25.5,11.9,18.5,0.2,2.0,22.6,26.63,2023,5,27,"63533695-19df-44bc-8e52-f5b4b15f0b0a"
24.5,13.2,17.6,4.7,6.0,16.2,21.89,2023,5,28,"cf62f019-b9cc-4698-b795-a1fe70e66df2"
22.6,9.9,16.8,2.8,6.0,12.8,25.38,2023,5,29,"a482d193-be08-4592-bb96-1f69d1e0dd99"
27.6,9.7,18.5,0.0,0.0,11.2,27.05,2023,5,30,"189606f0-6d83-4ef2-9e14-b9fa64aae5e6"
27.8,14.1,20.6,0.0,0.0,14.5,26.64,2023,5,31,"65bbc468-a84f-4da8-8174-f2bbd90ad8e3"
24.9,14.0,19.3,2.4,2.0,15.7,25.39,2023,7,1,"c7042e83-f0df-49ed-9cfe-f1bb562da67f"
24.0,13.6,18.7,8.5,5.0,13.2,25.83,2023,7,2,"013e221d-45ef-4ce0-8c38-ee074d6f51d1"
25.0,14.5,18.9,2.0,5.0,11.0,26.57,2023,7,3,"91334de5-8dc1-4b45-aea9-3a5cc4a1d3f6"
24.0,14.6,18.5,9.9,8.0,11.2,21.61,2023,7,4,"24781e64-eb91-4405-8caf-2278396fc307"
25.1,14.5,18.9,11.3,6.0,17.0,21.74,2023,7,5,"955b2225-6a12-45d4-8cb8-762dfeeb9c2e"
23.6,14.6,18.2,7.4,16.0,12.0,22.31,2023,7,6,"eccfe7d5-45ae-4891-b5a2-7d0862b67f02"
26.4,16.0,20.1,2.0,5.0,19.5,26.29,2023,7,7,"275eb15d-36d3-4896-b5d4-ee2f9c967545"
26.3,14.6,19.2,3.2,8.0,17.8,27.21,2023,7,8,"29ed69e4-8052-40c7-8237-8cd3f86887b9"
25.2,14.8,18.7,1.7,9.0,14.0,25.83,2023,7,9,"250fc034-1919-4bd7-98a4-4ca86c3f9ace"
24.3,14.1,18.5,6.3,6.0,10.5,24.38,2023,7,10,"8369e288-282c-480c-be9f-71edbc4f168d"
23.2,13.2,18.0,6.9,5.0,20.4,25.18,2023,7,11,"43b022c7-4d82-4937-9af3-5eeed4842971"
24.7,12.6,18.2,0.8,2.0,15.7,27.47,2023,7,12,"2c54ef90-a3eb-433c-b217-b3482e392496"
25.5,12.1,18.6,0.9,3.0,12.8,27.47,2023,7,13,"17424bc3-ae2d-4cf5-8bff-675f9512fb93"
26.5,10.8,19.0,0.1,1.0,13.4,27.19,2023,7,14,"0ded87ea-8222-4748-ad46-7713e2e80f70"
27.0,13.4,20.0,0.0,0.0,19.1,28.08,2023,7,15,"96d2e39c-eee5-4a24-a84c-3ee16b4a52e8"
27.7,12.9,19.2,1.1,2.0,19.3,26.4,2023,7,16,"bb8a1327-74ba-4c8f-b852-6ecb3acd0792"
25.0,13.4,18.6,0.1,1.0,16.2,23.07,2023,7,17,"e2ed58b8-83d4-499a-8736-0f017986823d"
27.5,12.2,18.9,0.2,1.0,15.8,27.01,2023,7,18,"2a0d91ea-ef92-47ca-8de5-05d76e3c43c8"
27.3,14.3,19.2,3.3,5.0,15.1,25.95,2023,7,19,"910022dc-0a58-4040-89bb-050de0bcbb0e"
28.2,13.0,20.1,0.1,1.0,19.3,26.9,2023,7,20,"e8663b76-42ab-4cc4-a346-f2b9e2823d6d"
27.2,14.0,19.3,2.6,5.0,15.6,26.03,2023,7,21,"65dd6a8e-7f3f-4300-9c1e-090487e1fedf"
24.6,14.0,18.2,9.4,8.0,13.1,23.09,2023,7,22,"0c2092b4-61c6-4759-b309-c9b1094cc127"
23.7,14.7,18.0,7.3,11.0,13.4,21.74,2023,7,23,"1eae2390-9d10-49b5-9b53-80431afd016e"
22.4,14.2,17.2,11.4,16.0,14.5,18.48,2023,7,24,"dc4796b7-fe1b-4c5a-9f65-6ffaac0c58f4"
22.5,14.4,17.3,6.3,14.0,14.9,21.68,2023,7,25,"32614d8e-dbcc-44c4-8fd3-a62250a1486b"
23.1,13.2,17.2,8.2,12.0,15.5,26.01,2023,7,26,"1b3fd3af-8bd8-4090-94c8-82b59e605ae1"
18.2,13.3,15.6,7.1,13.0,10.8,14.26,2023,7,27,"226082f9-f31e-4063-b1a4-2db4e5ac1dec"
20.3,10.4,15.2,0.7,2.0,14.2,20.69,2023,7,28,"41e7d8e3-1258-437c-99d9-15b1886227c3"
24.2,10.3,16.0,4.2,4.0,14.6,26.52,2023,7,29,"0982263b-d26d-40b3-9cf9-ddb801e8362c"
22.1,13.3,16.9,3.9,8.0,13.0,19.29,2023,7,30,"d46d3b6e-05aa-4c68-b800-ed812187a85a"
22.5,12.9,17.0,12.2,7.0,12.9,20.57,2023,7,31,"a7a24679-96a5-43c8-b93c-c4ac3197057b"
25.0,13.5,17.8,14.3,12.0,11.6,25.03,2023,8,1,"b0d3c8b0-509b-4929-a1a5-b750ce9664c7"
24.2,12.8,17.6,3.0,11.0,20.0,26.41,2023,8,2,"7ecf391f-1ae6-4a64-966c-26b57847a61d"
22.1,12.7,16.8,3.6,5.0,10.5,20.93,2023,8,3,"57d5bb2a-e31d-4c4e-bd00-9999527390a8"
22.1,14.1,17.3,8.6,6.0,10.3,16.77,2023,8,4,"4101bad3-6853-450d-afed-dd9c4623342a"
22.1,14.2,17.0,25.1,12.0,11.9,21.72,2023,8,5,"86581bc9-1eb1-47d7-8cac-84841abfeffe"
21.4,13.7,17.2,11.8,9.0,11.6,22.59,2023,8,6,"baafcf2d-3187-4d2a-9f31-98666982c8b4"
25.1,12.7,17.7,0.7,4.0,19.7,27.51,2023,8,7,"28424692-dc80-45fb-86b3-d5a59d47d8b5"
24.8,11.8,17.9,0.3,1.0,14.1,27.03,2023,8,8,"948fa212-ebf3-4945-b7e0-e53e76e71714"
25.6,12.0,18.4,0.0,0.0,14.1,27.37,2023,8,9,"d90160ab-d898-4d32-926b-7433b49b7e1f"
25.9,12.8,18.7,1.8,2.0,17.3,24.64,2023,8,10,"177fc844-23c4-454f-8a41-04edb3ce70a5"
25.7,12.3,18.7,3.7,3.0,10.6,26.67,2023,8,11,"544a70cc-5a16-4880-9146-e2ed02b28925"
25.4,13.0,18.1,0.6,3.0,11.0,27.67,2023,8,12,"524b6867-5057-4436-8565-a515999db123"
25.1,13.1,18.2,0.0,0.0,17.7,25.86,2023,8,13,"505e88e1-b8c1-4604-b65f-5576d58a826a"
25.9,14.3,18.4,4.0,14.0,25.5,23.07,2023,8,14,"3f5ec47d-5b37-4d20-b836-cd9761bffffa"
24.2,11.4,17.7,0.5,4.0,16.6,24.79,2023,8,15,"8ee81733-4e0c-4e6a-95be-06c965920c83"
22.9,12.2,16.9,2.0,8.0,16.2,20.39,2023,8,16,"46b0b0ba-e932-46ec-9813-025f6ea3a176"
21.5,13.6,16.5,7.7,24.0,10.8,20.02,2023,8,17,"e623575b-9f8c-46ea-ba47-78705f98e792"
21.4,11.4,16.4,18.7,9.0,10.1,20.45,2023,8,18,"1e94a868-e6dc-4b9c-b75b-a35215f0998a"
22.3,13.1,16.8,7.7,12.0,17.9,23.48,2023,8,19,"3450b481-e9a1-4b04-b5f2-f7145004e182"
21.7,13.1,16.6,1.0,7.0,21.4,16.12,2023,8,20,"84de3580-2685-4030-a9cf-b5fed8dbc1b4"
22.7,12.0,16.6,2.2,8.0,11.7,25.53,2023,8,21,"a5b29aa2-53ec-4497-beac-14019736f469"
23.3,13.3,17.5,12.9,10.0,13.8,25.0,2023,8,22,"e6e0c8a8-fda8-49a0-801e-9d43a6e6bd3c"
24.3,13.5,17.3,12.9,16.0,19.2,23.96,2023,8,23,"16eddb77-6cfd-487c-bd25-04e96bb94962"
23.8,13.7,17.3,8.2,13.0,19.7,25.77,2023,8,24,"3ec95c5f-b564-4261-8c40-cf8a666a7421"
22.1,10.6,16.1,2.1,13.0,13.1,24.54,2023,8,25,"3c710144-1874-42f3-a6e1-2cbfd42b35ef"
21.0,12.1,16.1,2.0,9.0,15.5,20.0,2023,8,26,"ab461adc-0e1f-4f3f-b2f5-22372d3e340d"
22.6,14.3,17.4,4.8,19.0,11.4,20.5,2023,8,27,"c0fc3054-eb0e-44c3-b96e-a3c541bd0f0e"
20.5,14.8,17.0,9.6,14.0,9.7,16.0,2023,8,28,"6c8950e1-79d4-4c4c-ba8a-bf3df6d99844"
23.3,11.9,17.7,0.2,2.0,15.5,28.17,2023,8,29,"a79ae53e-8984-4dc3-8649-d9d6ed7df394"
24.2,10.8,17.7,0.0,0.0,10.6,28.49,2023,8,30,"88680426-96f4-438c-8bf5-02e2cc7f8629"
22.0,14.3,17.2,20.5,10.0,14.0,22.15,2023,8,31,"dabe0552-b9e4-4e4d-a84f-cd4965960118"
27.1,13.1,19.9,0.1,1.0,19.9,22.74,2023,10,1,"94659116-c738-4f9e-a40c-67223898c0ae"
28.1,14.0,19.4,0.8,6.0,17.7,20.27,2023,10,2,"5887d56f-e4d4-4159-a75f-487a78984743"
24.2,15.0,18.6,3.6,9.0,14.3,19.92,2023,10,3,"c62e9c8c-6c7e-45ec-84c8-8415488e7a43"
24.9,13.7,18.8,0.2,2.0,13.5,21.68,2023,10,4,"d1d67cbe-dc6c-45c3-865a-c69743180cc0"
25.6,13.5,19.0,2.9,8.0,17.1,23.22,2023,10,5,"d4a4a2d8-05be-40e3-ad97-5d26e13235e1"
26.5,12.9,18.4,0.2,1.0,29.6,24.43,2023,10,6,"43eba668-0b9c-4553-82d0-fe45e44e6052"
23.9,14.1,17.6,3.5,13.0,26.5,16.75,2023,10,7,"af9dab67-639e-436d-ad71-c27ac47f074e"
19.6,13.8,16.0,2.7,9.0,17.5,10.1,2023,10,8,"62abb0c1-ee7d-4f03-bc30-199980ac78b8"
23.0,13.2,16.4,3.9,6.0,11.8,15.12,2023,10,9,"5199f185-a996-43ba-8d71-d8272d6ca2b8"
24.4,13.2,17.7,5.8,14.0,16.3,20.96,2023,10,10,"ad884f65-c33f-420f-9609-1ca4547664d9"
23.6,12.6,17.4,0.2,2.0,19.2,14.35,2023,10,11,"99257344-fe2c-4a93-a4da-3b1a1bd1b217"
24.3,11.5,16.8,6.1,3.0,16.1,22.18,2023,10,12,"faefa287-7d7f-4dca-b69c-faba3146c75f"
25.0,11.3,17.4,11.3,6.0,12.1,21.51,2023,10,13,"8b76c7fa-b8c0-44de-bc31-d3a565f2b383"
27.2,12.8,19.0,0.3,2.0,23.2,21.39,2023,10,14,"802fb46a-5dc8-4abb-8a23-9e67d38129d1"
22.9,13.8,16.8,2.4,10.0,23.1,13.92,2023,10,15,"835ab690-4bbf-4347-ae20-8ebd99243bcb"
22.0,11.4,15.7,0.7,6.0,23.3,16.86,2023,10,16,"4af03da4-1d04-400f-a7e9-b267341000a2"
21.7,9.6,14.4,0.3,3.0,15.4,19.69,2023,10,17,"dff507c6-99d2-4052-884f-f38371f3b22b"
24.3,7.8,15.7,0.0,0.0,13.5,22.3,2023,10,18,"acaa52dc-7b86-4a2c-b4a6-a7babcbf6efa"
25.4,9.7,17.4,0.0,0.0,26.5,22.71,2023,10,19,"b60a237f-3bae-4115-90a7-16e06373c404"
26.0,11.7,17.5,0.0,0.0,20.5,21.2,2023,10,20,"a86e751f-4c80-4595-a428-b0e856d48f82"
27.6,10.8,17.7,0.0,0.0,20.4,23.61,2023,10,21,"015ada8c-0368-4dd3-b5d1-94f91bbe9db8"
27.4,10.4,18.0,0.0,0.0,18.1,23.54,2023,10,22,"6aca5449-8e8e-452a-aed5-2c04b08e1976"
26.7,10.4,18.0,0.0,0.0,18.4,22.05,2023,10,23,"2dd034e1-3cbd-4e97-95bb-a17e150a4b6f"
26.6,11.0,18.1,0.8,3.0,18.6,21.16,2023,10,24,"ce3b983c-59b4-4b8d-b73c-6139e094869b"
17.2,13.4,15.7,12.3,19.0,10.9,5.76,2023,10,25,"e0c2ad95-2b10-4bcf-ab97-03ab93a8ecf0"
23.2,12.6,17.1,0.2,2.0,10.8,19.07,2023,10,26,"a30bbf24-5954-439d-a351-c9d93dbcab99"
24.4,12.8,17.3,0.3,3.0,16.4,20.35,2023,10,27,"a06903b4-c6c4-49d6-92a7-f7c969a0e428"
23.9,12.3,17.2,0.0,0.0,21.8,21.35,2023,10,28,"f1bdda6e-853d-4000-a750-a01b9b7d1902"
24.7,12.1,17.0,0.0,0.0,19.1,21.15,2023,10,29,"22e6ac77-0b15-4e6e-b771-326653cc4746"
23.3,9.3,16.1,0.0,0.0,21.3,22.18,2023,10,30,"b1051685-4e8b-4fa4-8318-62cb00df6f16"
25.3,8.8,16.2,0.0,0.0,29.7,21.59,2023,10,31,"78ca18cd-9867-437b-af65-f5004c6a6bf1"
24.3,7.9,15.3,0.0,0.0,17.5,16.57,2023,12,1,"26d05c22-002e-4521-9b26-404fead05f03"
21.7,9.6,15.6,0.1,1.0,9.0,11.19,2023,12,2,"877a8e53-945f-49b5-a8f8-ea6f0e963b75"
20.3,10.4,14.7,1.1,3.0,15.1,14.29,2023,12,3,"986f7039-dda6-4329-9e11-06fc3dc0b7b1"
20.3,12.1,15.4,0.6,4.0,19.4,15.22,2023,12,4,"b4e4376a-d9cb-4006-89ac-993bac5836f0"
21.0,10.9,14.9,0.9,7.0,15.6,14.89,2023,12,5,"9ec0a3e8-02ad-4904-b0fe-1bd5967065e0"
19.8,11.6,14.4,0.9,6.0,16.3,10.82,2023,12,6,"8fcfbdbe-d833-425b-94fd-98c0498846ae"
18.1,9.9,13.0,1.6,4.0,17.3,14.11,2023,12,7,"75fa849f-6615-4613-9071-7ec4481f084f"
20.6,7.2,12.9,0.7,1.0,13.1,16.7,2023,12,8,"ec7c4c1c-5f75-4ea5-8680-ace4c9166ee2"
21.0,8.1,14.4,0.0,0.0,9.2,17.94,2023,12,9,"1eb4f551-16c6-470f-a7e4-8a617ec6ce8a"
18.9,8.9,13.6,0.0,0.0,19.7,12.83,2023,12,10,"a631de91-6878-4378-a9a2-488e58cb0d1a"
14.1,7.5,10.6,8.0,13.0,8.8,5.95,2023,12,11,"282a6d82-3fe6-4dd7-bbce-90bebc8db367"
16.9,7.3,11.2,0.0,0.0,13.4,15.78,2023,12,12,"b906ac19-741a-4e0c-a0d2-7818dd88cbb5"
18.0,8.1,12.1,0.0,0.0,10.3,12.06,2023,12,13,"78678490-c591-4560-9528-75dd3c01db38"
19.0,10.5,13.6,0.1,1.0,18.0,12.78,2023,12,14,"e1333758-c11e-48fe-9b0f-b7cd2ee2a135"
18.6,10.0,13.5,0.3,3.0,13.6,13.05,2023,12,15,"7b610b87-4c13-485c-97a2-7e17aeaa1375"
18.4,9.0,13.3,0.4,4.0,16.3,13.86,2023,12,16,"3be05671-f781-4efa-9f1c-209e948217b7"
20.4,9.5,13.3,0.1,1.0,11.8,19.02,2023,12,17,"53a5c325-245e-4c9c-83fb-2bd6996585de"
20.9,5.2,12.6,0.0,0.0,18.7,20.15,2023,12,18,"c2fd2b55-b0a8-43f2-9d20-459fcdf74660"
20.1,4.2,11.0,0.0,0.0,13.3,18.54,2023,12,19,"694b7ff1-5986-4482-81b2-b4d6d3db5816"
22.2,2.8,13.0,0.0,0.0,11.8,20.09,2023,12,20,"1d154851-5c5b-4615-beec-01c01b8e1c50"
23.0,2.9,12.9,0.0,0.0,14.6,19.86,2023,12,21,"4dcd8c67-02f1-4691-8722-a42292c39baf"
23.0,3.3,12.6,0.0,0.0,18.9,19.48,2023,12,22,"7e12bcbf-df49-43af-a615-5fe07e858a12"
22.4,3.4,12.2,0.0,0.0,17.5,17.55,2023,12,23,"169b32b3-18f4-426b-9a3a-cc5e3a22a5c6"
23.5,5.5,13.7,0.2,2.0,19.0,16.63,2023,12,24,"1f429ca1-e366-4031-97ab-a77b408b3925"
24.5,6.5,14.1,0.0,0.0,11.6,16.92,2023,12,25,"0148580e-1213-4735-a174-e8393eb65952"
20.3,7.1,13.4,0.7,4.0,19.1,12.65,2023,12,26,"cb84350b-72c9-466a-aedc-06ad5cd1a825"
16.5,4.3,12.1,0.2,1.0,16.0,9.73,2023,12,27,"a4e2b20e-7677-4d76-ac0f-60b6ec715d92"
20.0,1.8,9.2,0.0,0.0,19.2,19.8,2023,12,28,"c00a6df7-25a2-4988-ac94-018d55eebe64"
20.1,0.7,9.6,0.0,0.0,20.3,19.2,2023,12,29,"0b1c8ece-3dd4-4fca-b3f9-aff08f51762e"
18.9,2.9,9.9,0.0,0.0,15.2,18.53,2023,12,30,"728aeb68-a6c9-4dfc-9982-f442d9d3183e"
21.7,2.7,12.0,0.0,0.0,17.7,20.19,2023,12,31,"4403627c-c048-45a0-92bc-7d5ed099a808"
21.9,7.3,13.6,0.0,0.0,14.5,20.08,2024,1,1,"2d3460fd-c261-47b0-ac01-5338072cae46"
22.9,5.7,14.0,0.0,0.0,19.0,17.65,2024,1,2,"1a8dc7aa-ab90-4578-9b9a-e4223e55bcf5"
24.0,8.1,14.7,0.0,0.0,20.9,19.21,2024,1,3,"e0149fac-e4b3-4ffc-9b92-b9ea08512ad2"
24.8,3.7,13.4,0.0,0.0,18.9,20.21,2024,1,4,"9c5a370d-93aa-4801-8c23-d4dadb0d0ac2"
23.0,4.4,13.5,0.0,0.0,21.1,20.09,2024,1,5,"80212dfc-3ce5-4a2c-83eb-4ee0e69ef849"
24.3,3.9,13.8,0.0,0.0,12.0,20.24,2024,1,6,"9a878a85-02f3-49a5-81f4-1125c7fcfe45"
23.2,8.3,14.5,0.0,0.0,13.7,14.5,2024,1,7,"57c5de85-43e5-48b6-8030-59bc7c8a0a63"
24.0,7.8,15.2,0.0,0.0,22.0,16.9,2024,1,8,"b54abc2a-d4c2-4e32-bb90-f7a254ffed6c"
23.5,6.2,13.9,0.0,0.0,17.1,18.0,2024,1,9,"6d401c79-de39-40ca-a0fc-9c0768b1965b"
25.0,4.5,14.2,0.0,0.0,15.3,19.34,2024,1,10,"43888386-4829-43cb-af9a-30821f069a31"
26.0,5.0,14.8,0.0,0.0,21.9,19.1,2024,1,11,"94cc12f7-e7e7-4ad4-b7af-b7086401a14c"
27.7,5.6,15.8,0.0,0.0,18.4,20.48,2024,1,12,"7469973b-2fc1-44e0-801f-413b4697df52"
25.6,6.1,15.8,0.0,0.0,12.4,14.31,2024,1,13,"f1ec7a49-0357-408a-bfa3-4463c07b66c0"
25.1,8.4,15.9,0.0,0.0,17.4,16.61,2024,1,14,"cb9279e4-e129-4678-b97e-1170da82236c"
26.4,5.9,16.0,0.0,0.0,12.6,20.96,2024,1,15,"c45073ed-5830-45f3-8698-249b471de2ae"
26.4,9.7,16.9,0.0,0.0,18.7,20.07,2024,1,16,"6aa0acbb-6fb0-4c5a-87e7-dac0f1994034"
25.5,8.6,16.2,0.0,0.0,17.4,18.33,2024,1,17,"d955bf82-ab72-4646-82be-d342a649f0c6"
25.1,11.7,17.8,0.0,0.0,18.0,19.28,2024,1,18,"440115f4-fe96-41b9-b732-5342801885ed"
23.3,12.3,17.4,0.0,0.0,18.8,12.67,2024,1,19,"45f22434-659f-4f28-88c4-b63c2b5d8676"
17.8,8.9,13.3,0.0,0.0,11.7,9.18,2024,1,20,"9b9f7219-45e0-4cac-af57-d120dbbdb476"
19.4,8.6,14.1,1.2,2.0,22.9,12.41,2024,1,21,"bcc1994f-56b7-466b-9bf8-b282edf1a736"
22.5,4.8,13.1,0.0,0.0,15.6,18.25,2024,1,22,"224daed6-4354-425e-9e22-3b7c2eb9b128"
23.8,5.4,14.1,0.0,0.0,17.4,19.71,2024,1,23,"df887d72-9403-434c-be42-8de26619878e"
24.7,5.5,14.8,0.0,0.0,25.3,21.34,2024,1,24,"60869a8b-e283-4705-92c2-f96bfd4e4246"
25.7,4.9,14.4,0.0,0.0,24.3,21.08,2024,1,25,"a3ffa721-9051-48ff-9a80-fc402b289feb"
25.6,5.0,14.7,0.0,0.0,20.0,21.29,2024,1,26,"b418fbb3-c098-4314-88e8-f6a434a6975e"
25.1,5.8,14.8,0.0,0.0,20.4,22.33,2024,1,27,"1a894a6d-9be5-4fb0-9a67-f0a099defbd3"
23.0,9.4,14.8,0.0,0.0,19.7,18.24,2024,1,28,"b4ffb571-73fe-42f7-a2ac-f69579d9acbd"
21.7,7.3,13.9,0.0,0.0,12.8,15.32,2024,1,29,"de126771-c2a5-431c-89dc-07da93e49b7a"
21.3,7.6,14.5,0.0,0.0,21.1,12.78,2024,1,30,"a346f2e4-f249-434d-b3b2-1dba892eb339"
22.2,10.4,15.9,0.1,1.0,11.7,12.24,2024,1,31,"a41f43a8-1e83-4ab5-a4ae-0631b276c89a"
27.7,9.8,18.3,0.0,0.0,26.3,24.96,2024,3,1,"54478b12-4506-4c4d-9208-ca1786a53220"
28.3,10.2,18.0,0.0,0.0,27.4,25.3,2024,3,2,"64bed8d4-cb87-427b-ac8b-50d92d2f79e1"
28.3,9.0,17.9,0.0,0.0,29.1,26.16,2024,3,3,"5c443c64-dcbe-44af-bd41-d2320600daa1"
29.7,10.1,18.7,0.0,0.0,23.4,26.26,2024,3,4,"3b86f04c-7a5a-4d3c-a14c-d8cef3d6499c"
28.3,8.6,18.3,0.0,0.0,24.1,26.93,2024,3,5,"aa1d3198-70be-4fe9-adcb-83f4585b8ee7"
29.3,11.5,19.7,0.0,0.0,23.4,26.54,2024,3,6,"03ce443c-7b4d-4f96-af6d-3355eb3dba2d"
31.6,9.1,19.7,0.0,0.0,27.2,27.16,2024,3,7,"fb2bfdbd-4c9b-4b3a-8622-b748d88d0526"
32.8,6.8,19.4,0.0,0.0,19.9,27.54,2024,3,8,"dc87e47d-3129-44b9-abd2-cffcb727039b"
31.5,8.3,19.4,0.0,0.0,25.3,27.6,2024,3,9,"a774a884-456c-4eb3-b994-b0f9530998e6"
29.8,8.5,18.0,0.0,0.0,29.7,26.67,2024,3,10,"5d1ea3de-835d-4361-a73d-a1b00cb77b44"
29.5,9.8,18.9,0.0,0.0,22.3,25.35,2024,3,11,"94797b8e-0916-47f0-9bc5-086001b2333c"
27.8,9.1,18.9,0.0,0.0,20.2,24.9,2024,3,12,"0b684fba-4b54-4154-85b6-4d8b7359a177"
29.0,9.9,19.1,0.0,0.0,25.8,25.36,2024,3,13,"f819f0f4-2b37-4bf5-8c72-60c41bb3b5cf"
29.5,9.7,19.9,0.0,0.0,30.0,27.09,2024,3,14,"e4fdf5e3-53ed-4291-aa1a-e9846078444b"
29.4,8.4,19.5,0.0,0.0,24.9,26.79,2024,3,15,"174d4279-4c9d-4bfd-8b82-73363b8b2fab"
29.6,11.9,20.2,0.0,0.0,27.4,26.75,2024,3,16,"e3396624-5e70-448f-a5b8-aeecaceb12ea"
30.1,10.2,20.1,0.0,0.0,18.7,22.61,2024,3,17,"57bc1102-715e-42d4-ad6e-b771a8ad8dff"
30.3,11.3,20.9,0.0,0.0,18.7,27.0,2024,3,18,"ded253dc-e61a-4d30-b5d9-385fa17e06da"
28.0,14.7,20.9,0.0,0.0,16.8,22.56,2024,3,19,"34e3df0e-1b28-4e8c-afd6-3f11a0628343"
29.2,11.9,21.2,0.0,0.0,24.0,24.52,2024,3,20,"0d5acc0c-d9ee-4027-9147-8e37c56e4fc6"
29.5,10.9,20.5,0.0,0.0,23.0,27.05,2024,3,21,"a3e810dc-d8c5-461f-9431-e9bb5ca7bcea"
31.4,10.0,20.5,0.0,0.0,24.6,28.29,2024,3,22,"aab460a8-82d2-44c0-b07d-098bcf989e84"
29.4,11.2,19.6,0.0,0.0,30.2,27.59,2024,3,23,"62e327cc-f1eb-4de2-84e2-43d434006a9d"
31.2,6.8,19.1,0.0,0.0,25.6,29.31,2024,3,24,"02fd8671-0e02-434c-959c-527c33704245"
28.8,5.5,18.0,0.0,0.0,24.7,26.98,2024,3,25,"8ade075e-40e5-4383-aea0-51d985f96240"
29.9,6.4,18.3,0.0,0.0,23.7,29.03,2024,3,26,"fafbb7d7-1588-43f8-a783-0b2f9f1bfec6"
29.7,6.1,18.6,0.0,0.0,29.4,29.96,2024,3,27,"7b4bec00-76b3-42de-9085-1c192a1863b6"
28.2,8.5,17.4,0.0,0.0,26.6,27.86,2024,3,28,"d0b48ce3-9f65-48b3-97ea-b519adb69940"
29.4,8.1,18.6,0.0,0.0,29.6,29.07,2024,3,29,"8ae7e71c-a780-4384-9913-9de665d0facb"
29.5,10.4,19.6,0.0,0.0,30.2,28.63,2024,3,30,"180325b6-4783-47b8-b32b-eb294e9f7160"
30.3,11.3,20.3,0.0,0.0,23.1,26.0,2024,3,31,"f355ea88-11fb-43e4-8436-c97798772cf8"
30.9,12.0,21.7,0.0,0.0,21.6,26.66,2024,5,1,"b406fa21-e7a7-4049-866f-da6797253dff"
30.6,13.2,21.9,0.0,0.0,12.7,26.53,2024,5,2,"877bf6d6-1ddc-451b-a611-4ff4829c0b89"
32.5,13.1,22.2,0.0,0.0,26.5,28.07,2024,5,3,"d0164429-1078-4806-b77f-288ac1edf5fd"
32.7,12.3,22.1,0.0,0.0,21.5,27.55,2024,5,4,"b1976925-c170-4348-afb2-adc886d1b610"
31.8,13.2,22.4,0.0,0.0,21.6,26.48,2024,5,5,"a0318f48-3305-4556-bc78-bdf67f20d5aa"
32.4,13.3,22.9,0.0,0.0,14.4,26.54,2024,5,6,"9174b6c4-afb0-4318-9df8-2fda7c60d133"
33.5,13.4,23.1,0.1,1.0,29.1,26.62,2024,5,7,"3f55bde9-77d5-4b9c-8444-66c50eb09616"
32.2,14.0,23.1,0.0,0.0,22.5,26.35,2024,5,8,"686307ea-ffcd-4375-80cc-255658f627ac"
33.5,15.0,24.3,0.3,1.0,20.9,25.83,2024,5,9,"43e3361f-095a-4dd3-a652-904e25a0f824"
34.0,15.5,24.5,0.0,0.0,22.3,27.34,2024,5,10,"35dc734b-e68a-49c2-924b-e76e94c1312e"
33.9,16.0,24.3,0.0,0.0,20.2,27.44,2024,5,11,"6bb2ab4c-35da-4031-a2a9-7f53429dde1f"
32.5,14.6,23.6,0.0,0.0,27.1,26.42,2024,5,12,"8aea8862-1e98-4a15-a905-02d8789bb9e8"
32.1,14.1,22.7,0.4,2.0,22.1,26.32,2024,5,13,"5775fb10-b136-4cac-a1ff-07365b95851f"
31.9,14.4,23.3,0.0,0.0,15.6,27.44,2024,5,14,"a2f8cfeb-2751-41e9-ac38-8c2b4b6d9e39"
31.6,14.7,23.0,0.0,0.0,21.1,26.02,2024,5,15,"3b7f62f4-6717-4334-82ff-24ac0c0a7a30"
32.6,13.5,22.7,0.5,1.0,21.1,26.78,2024,5,16,"e63cc1b4-5641-4cf6-a3d9-c78f6b78a990"
33.2,14.9,23.2,0.0,0.0,24.5,26.14,2024,5,17,"207f94c4-4d60-4408-8d3f-7126d1f0080c"
32.8,15.4,23.2,1.0,1.0,27.2,26.6,2024,5,18,"d7522615-0c46-471a-99e0-fd4a20505951"
30.9,16.4,22.9,0.3,2.0,23.5,27.85,2024,5,19,"5da57119-746b-43ca-8676-da3a14d09360"
32.9,14.1,23.9,0.0,0.0,25.0,29.13,2024,5,20,"0f88d6bf-a2cb-4f66-ac7a-943ec90d3624"
32.2,15.6,24.0,0.0,0.0,20.4,30.42,2024,5,21,"8f5bb525-3584-4779-a40b-0834c11681a4"
32.6,15.7,23.2,1.7,4.0,19.8,26.95,2024,5,22,"1e85ba97-b64b-4efe-8d5b-2a69d52c44c4"
32.6,15.0,23.7,0.0,0.0,12.5,26.72,2024,5,23,"78fdc69b-9e9f-4b72-97bc-196fb2f07766"
32.8,15.6,22.8,2.8,3.0,29.4,25.55,2024,5,24,"c9a348bc-6574-4120-bd86-bd6d398cf1a9"
34.1,15.1,23.4,0.2,2.0,25.5,27.89,2024,5,25,"1ffd5bbc-9d4b-4180-80ed-eb542429f089"
33.4,14.7,22.6,6.5,4.0,28.4,26.81,2024,5,26,"12e82a58-8b8f-4eba-84c2-4c05db7d919a"
33.4,15.9,23.9,0.5,1.0,23.0,27.93,2024,5,27,"97bf6abf-7c9f-433e-8a6f-9b7a1890ff2a"
31.6,15.6,23.7,0.0,0.0,21.8,28.71,2024,5,28,"d40dffd0-af7c-4622-a7eb-bca0bbed25e6"
26.7,16.3,19.5,11.5,13.0,14.8,20.85,2024,5,29,"e470c7c0-97c9-459f-9f38-7296a4c585f0"
30.1,13.4,21.7,0.2,2.0,15.4,28.03,2024,5,30,"88ca8ec9-6353-456b-9e3a-b6420fb3d3a4"
33.4,14.3,23.1,0.0,0.0,19.9,28.13,2024,5,31,"2af80620-f26c-41d2-bd1e-c5e49a3c26fe"
18.6,14.7,16.6,37.6,20.0,12.7,10.54,2024,7,1,"002dd91d-ad29-41a0-9661-9404eb600268"
22.5,14.2,17.2,13.3,7.0,10.9,23.12,2024,7,2,"dab6d0d0-082e-4b9b-86c3-75f1cc3d5074"
20.6,12.4,16.2,9.9,7.0,12.1,21.96,2024,7,3,"9668d85f-9c5b-46c1-b468-66baee988dbc"
23.1,11.1,17.1,9.3,10.0,15.7,26.03,2024,7,4,"3395d0b4-2589-44ad-994b-730fac07ab3d"
23.7,12.0,17.7,0.5,4.0,16.1,26.49,2024,7,5,"f347b20b-86b0-4a13-92ef-b618012f4963"
23.5,12.1,17.5,0.0,0.0,13.2,27.5,2024,7,6,"c9cf8b49-8e51-4bad-b91f-b7c8e0418ab9"
23.9,12.5,18.5,0.1,1.0,9.2,28.81,2024,7,7,"13005cd2-fdc0-48ae-976b-31d2c658ca6d"
25.8,14.8,19.4,0.1,1.0,17.3,27.11,2024,7,8,"630254bd-fdb9-41a5-ae18-17cd9152047d"
24.6,14.2,18.2,7.8,15.0,20.2,25.14,2024,7,9,"bad6a791-ec2f-4603-9ccf-96a69fd1ca6f"
19.4,14.4,16.5,8.0,16.0,9.4,11.69,2024,7,10,"9d06cbfd-bbc3-4312-8977-3f2551238c28"
20.3,13.9,16.6,17.4,20.0,10.8,19.34,2024,7,11,"80f08f06-1160-4b80-b579-5d6cd7b82f8c"
21.6,13.7,17.0,3.3,12.0,14.0,24.47,2024,7,12,"606c9814-fc1d-4e72-9b92-a6c8b6028af6"
22.1,12.9,16.8,12.2,10.0,13.1,24.08,2024,7,13,"69b7c798-6e25-4527-982e-2c891eb1cec9"
21.8,12.5,16.4,9.4,7.0,14.5,21.88,2024,7,14,"79ace793-694b-45eb-925c-d773b862c67b"
21.5,12.6,16.9,2.7,7.0,10.8,22.03,2024,7,15,"0d38b3b6-7a02-4618-8fb0-bfa90433b6c0"
22.3,10.9,16.5,2.5,5.0,11.3,25.42,2024,7,16,"371d3074-1983-4044-a64f-ec11b1ca35fb"
23.9,12.3,17.0,6.2,11.0,13.4,24.39,2024,7,17,"fe2971d9-cd8e-4e79-a6eb-fb8bd345bf78"
21.1,13.9,16.6,12.2,20.0,12.8,19.04,2024,7,18,"c5448f13-9d41-4174-a599-59597147dbe4"
21.2,13.6,16.8,6.3,9.0,11.5,21.88,2024,7,19,"7378af34-019e-4bbc-8092-bb1771ebf6e4"
21.2,14.1,16.8,3.0,8.0,12.9,19.07,2024,7,20,"60e599fc-b45b-4e43-9659-698d0a57e57e"
22.7,14.8,17.5,7.4,13.0,18.4,25.13,2024,7,21,"37fde57f-2ccd-458d-9899-6ab41bbf7899"
20.1,13.7,16.5,1.3,3.0,9.4,17.4,2024,7,22,"f9823a9f-286e-4fa5-8938-63157b279dba"
20.8,11.5,16.3,11.4,7.0,9.1,21.3,2024,7,23,"14b2c142-9b33-4cfe-a8fb-22b0f520a267"
20.6,12.0,16.9,7.6,10.0,13.7,19.71,2024,7,24,"7b55f524-db62-4b72-bfde-c21e40c08adf"
23.2,11.9,17.4,15.3,10.0,17.1,25.7,2024,7,25,"db6b9672-ead2-46ac-a582-0978d92236ce"
22.2,13.4,17.1,10.9,8.0,7.7,22.12,2024,7,26,"11bcdef9-c2a1-48bc-bf42-80f125c5b96b"
21.1,12.3,16.9,1.5,6.0,14.8,22.87,2024,7,27,"67159281-3ae6-4483-a031-ba8885a3df7e"
22.0,12.9,17.1,18.3,14.0,10.9,22.12,2024,7,28,"ce4a7944-fcf2-40fc-9fe9-b6bdcd774578"
23.9,14.0,18.1,19.6,14.0,16.6,26.15,2024,7,29,"04002136-089c-4255-af7c-14f7e4351faa"
21.9,15.0,17.6,7.7,15.0,12.2,23.14,2024,7,30,"6727d901-60eb-480a-a495-2f522a880184"
21.0,12.8,16.7,6.5,9.0,8.6,23.36,2024,7,31,"e934e110-986a-41fd-ad52-ebaf9c637e77"
24.2,13.7,17.6,1.4,7.0,18.9,25.21,2024,8,1,"6afcdd33-7954-45dd-8caf-c9b5dc58ca61"
20.5,13.1,16.2,5.9,7.0,12.6,19.92,2024,8,2,"1b0ababe-1ca9-4f74-bd3a-30a6455d1a23"
21.9,10.6,15.6,15.8,6.0,15.8,24.42,2024,8,3,"07af56f5-d094-4528-8b0b-0b3bb29b7c99"
22.1,11.6,16.4,5.3,7.0,10.7,25.2,2024,8,4,"2209a527-885e-4771-bc42-b27c8d67b1c5"
21.5,12.8,16.5,3.4,5.0,21.1,22.78,2024,8,5,"e0753b0e-ce2c-4c96-9701-b3e48569139f"
21.6,12.4,16.8,5.8,6.0,10.0,21.68,2024,8,6,"e3685dc3-fa26-4205-be2f-19442a298b7d"
22.6,13.4,17.3,5.7,7.0,13.8,24.08,2024,8,7,"16f3aaad-603c-4ba9-afe1-5219c20acaff"
23.9,12.9,18.0,0.3,3.0,14.8,25.25,2024,8,8,"6653833e-0376-43b1-8c87-c8b67986a275"
23.0,13.0,17.6,1.6,4.0,15.3,23.72,2024,8,9,"fdc5aff0-34cc-48fd-918a-6a5accbfce33"
22.2,13.0,16.8,10.7,4.0,14.0,22.7,2024,8,10,"fcb97900-9911-4f9b-958d-680cb6969e19"
21.0,13.6,16.3,26.7,12.0,14.7,18.41,2024,8,11,"c12e6c1e-a176-429e-b597-5bbfa55d3301"
21.8,13.2,16.8,3.9,10.0,11.2,21.87,2024,8,12,"30edeeb5-77fc-44b9-bd0a-2959057d47b2"
21.8,12.5,16.8,3.8,8.0,11.4,23.66,2024,8,13,"97abd8e4-d487-424c-b35c-c370e21493f1"
22.5,14.2,17.4,14.1,9.0,17.1,24.51,2024,8,14,"508a21f0-a89f-440b-9de4-57316609db1c"
23.5,14.2,17.4,14.7,12.0,17.7,23.45,2024,8,15,"e775635c-631c-46e0-96f7-55dc0bbe6b73"
21.5,13.5,16.9,15.2,9.0,9.2,20.29,2024,8,16,"57ac3b16-11ba-482e-be33-428bd147a563"
22.7,13.7,17.2,22.8,14.0,15.7,22.51,2024,8,17,"30ff225e-5c5e-4c8d-8780-5ce445b98665"
23.2,14.1,17.4,12.8,10.0,17.2,24.81,2024,8,18,"5ec79428-eec3-4aa4-ad94-35f5b93874a6"
23.6,13.6,17.7,0.7,5.0,20.4,24.57,2024,8,19,"8b36e15c-f16b-4afd-b3f2-1cf8e9374956"
23.9,13.8,17.7,1.1,7.0,20.1,26.5,2024,8,20,"7c78887d-a977-42a6-a2f1-ba0690e23d19"
22.7,12.8,16.7,9.1,17.0,21.6,25.48,2024,8,21,"5d5a534e-3e7d-4c1e-bccb-6ca78776e407"
22.6,11.9,16.7,1.3,5.0,16.9,23.96,2024,8,22,"bcee3174-48b9-44f3-9799-a3ee7c673dde"
20.5,13.4,16.5,8.3,10.0,11.8,17.01,2024,8,23,"4fdd1174-fd7f-453e-b7e3-b0fc3f3fda90"
22.2,14.0,17.4,2.3,6.0,10.6,24.04,2024,8,24,"6a596819-53ab-40da-a7a8-5445064a49d8"
23.3,13.3,17.2,3.1,6.0,21.4,25.29,2024,8,25,"e9cde6f1-eb6b-461e-8025-3502e4430ca0"
23.2,12.7,17.6,1.2,7.0,17.6,25.86,2024,8,26,"99f99eaf-7202-4258-8f9a-1528a5085e68"
23.0,13.0,16.9,10.0,6.0,13.4,21.96,2024,8,27,"ecec0df4-bc49-4c83-86a9-779bff20d9ae"
21.7,13.2,16.7,4.1,8.0,14.0,20.23,2024,8,28,"9372d0b0-8cec-4aa9-a764-c865e1456367"
22.5,11.9,17.0,18.9,10.0,11.2,22.8,2024,8,29,"a0ad1cc5-7118-4ab2-870f-42df3121b65d"
22.0,12.6,17.0,11.8,11.0,11.8,23.39,2024,8,30,"1d816279-ab49-42c1-94cb-7373d15564a3"
22.7,13.3,17.3,14.7,11.0,14.6,24.57,2024,8,31,"ac12f655-82d6-4387-bd0c-c1ced85b6b92"
20.8,12.2,15.6,6.1,16.0,20.6,17.07,2024,10,1,"04216768-4ce0-4746-b4f1-bd4b6dbc1aa5"
18.9,12.1,14.9,1.7,7.0,21.5,10.65,2024,10,2,"516f1d58-e5ea-4827-845a-192222f3114c"
21.8,8.9,15.1,0.2,1.0,11.9,24.2,2024,10,3,"1466e11c-5fcb-4e92-85c7-55a134d49f85"
21.2,11.4,15.6,9.0,9.0,16.3,18.83,2024,10,4,"727df3b6-2b7a-4805-a01d-a53600ffc04e"
19.4,11.8,15.4,10.3,12.0,10.5,15.07,2024,10,5,"cc73f502-bb35-4195-b4bf-3b0fbdd77bb5"
20.6,14.7,16.0,43.8,21.0,13.5,9.55,2024,10,6,"30077413-745a-4ea9-b2a9-faf6991bac12"
19.6,12.6,15.6,22.5,21.0,15.7,12.15,2024,10,7,"695d3ea7-bbf3-4f35-9c2d-7e696a6a7fd5"
19.8,13.3,15.5,4.0,8.0,12.3,14.92,2024,10,8,"e413a704-f718-479c-b6f3-4b70603a2003"
21.2,11.2,15.2,0.0,0.0,13.4,17.33,2024,10,9,"aaf05004-6870-4992-aa6c-cf588c88f80e"
20.8,8.4,14.2,0.0,0.0,15.9,25.57,2024,10,10,"ad2f2971-f57d-424f-bd1c-53703cf0223d"
19.4,6.0,12.7,0.0,0.0,14.6,25.38,2024,10,11,"1d8fb9e7-a096-4c5c-84d7-3a44d17e10ee"
19.2,6.3,12.1,0.0,0.0,25.4,23.9,2024,10,12,"54dc20fb-7b61-4411-99f1-b5ba54d5936e"
18.9,8.1,13.1,0.0,0.0,14.9,18.19,2024,10,13,"f58778cd-3103-49e1-a444-c156364544ab"
21.4,10.6,15.2,0.8,7.0,14.9,21.14,2024,10,14,"94e0430c-af26-48b6-8a33-46fdce210284"
21.7,8.3,15.2,0.0,0.0,16.1,21.61,2024,10,15,"b516a0c0-cfa2-4ced-a230-61c8b27e2c6a"
22.6,9.5,15.2,0.0,0.0,17.8,22.77,2024,10,16,"bf900565-4e57-4590-b08e-36e87a39b0f1"
20.7,9.1,14.4,0.1,1.0,18.0,23.03,2024,10,17,"17540379-39f2-43b2-ae22-f71b965770d0"
21.6,10.4,15.2,0.0,0.0,15.9,21.69,2024,10,18,"f4c33886-6935-4a75-893b-04cbbfffae3d"
22.9,12.6,16.4,2.0,13.0,21.6,18.82,2024,10,19,"01219aa5-a6a4-4a87-b18c-acb970852364"
18.1,10.6,14.3,1.2,7.0,19.0,7.61,2024,10,20,"f24b8f24-3bd9-45a8-8c86-fdb7aa09b2a2"
18.6,13.4,15.4,14.7,24.0,16.8,8.14,2024,10,21,"71f952c9-1076-4306-9c17-52132e086639"
22.7,12.6,16.7,1.1,8.0,18.8,20.07,2024,10,22,"14db6226-0a77-426e-a939-2afd4c55bba1"
21.4,10.2,14.9,0.5,5.0,23.0,22.48,2024,10,23,"ed8f786f-8b47-40ec-8370-ba3aeae21bc6"
20.8,9.9,14.3,0.0,0.0,12.7,22.19,2024,10,24,"8b3cc09b-d626-4251-a98c-26893f23739c"
21.4,9.4,14.4,0.0,0.0,18.3,23.39,2024,10,25,"c68ea248-f32a-4890-8037-95a86f8ba799"
20.8,10.5,14.5,0.3,3.0,20.1,17.16,2024,10,26,"5e20feda-2110-4dcf-9150-aaa234e5acaf"
20.4,11.8,15.0,1.9,7.0,15.2,17.88,2024,10,27,"236cee4a-9b9e-43b6-8cf4-beb166a2c73a"
19.3,10.9,14.4,1.1,8.0,14.2,18.22,2024,10,28,"0ace9b40-bea5-471d-85ae-c88444339bb5"
19.5,9.5,14.2,0.4,3.0,16.5,18.36,2024,10,29,"6cf17535-71bd-4240-b1a8-50b9c3b5a872"
21.9,9.0,15.6,0.0,0.0,15.3,20.65,2024,10,30,"8811dbf8-e21a-4b35-aad7-a728c9e6a479"
23.4,10.6,16.8,0.1,1.0,15.4,20.55,2024,10,31,"5967f36b-ae15-408a-a812-2cf8020b0c45"
24.6,9.1,16.6,0.0,0.0,14.5,20.77,2024,12,1,"c6e0defe-7721-4d43-bef3-dd88d0b5a1b4"
23.9,8.8,15.9,0.0,0.0,17.8,20.72,2024,12,2,"4593700d-f36d-4a79-b378-2f27bad88821"
22.8,8.7,15.2,0.0,0.0,15.4,20.51,2024,12,3,"c4d63bdd-62ab-4f49-9f6e-ef53996f0b69"
23.1,9.5,15.9,0.0,0.0,8.0,17.98,2024,12,4,"5994bf22-e650-419d-be95-e769567ef0ee"
24.3,9.7,17.0,0.0,0.0,13.7,18.87,2024,12,5,"81ec00f1-0ba9-4fc2-affd-fab7f37f88c5"
23.4,11.1,16.4,0.0,0.0,12.6,17.74,2024,12,6,"405f8ffe-563e-43df-80fe-ca51d1643039"
24.6,11.6,16.8,0.0,0.0,10.7,18.95,2024,12,7,"734b1c76-bf50-4941-9324-7f9cee448fad"
24.9,7.0,15.7,0.0,0.0,12.6,20.04,2024,12,8,"50ca7718-b64a-441c-9dd4-a18a027489e1"
23.8,9.2,17.2,0.0,0.0,5.0,19.19,2024,12,9,"5fdafc2a-db2a-414f-81c3-940e0af36cd1"
25.6,9.4,18.3,0.0,0.0,11.2,19.1,2024,12,10,"102fc891-172a-4fe5-998e-65a427a77918"
21.6,11.2,16.1,0.1,1.0,16.3,16.52,2024,12,11,"71490449-aad2-4e4c-869e-04e1137a74be"
24.0,7.7,15.8,0.0,0.0,6.9,19.34,2024,12,12,"bf60f3d8-ea44-4c9d-a5ec-f3d83661f0b1"
24.8,10.0,17.7,0.0,0.0,10.8,19.66,2024,12,13,"d0f611e0-29a4-4b0a-af9e-f79f7c740775"
24.9,8.6,16.9,0.0,0.0,15.0,20.05,2024,12,14,"ca7c60a4-206f-45f3-b681-0aa3ed9eaa23"
23.4,9.1,16.1,0.0,0.0,15.2,19.27,2024,12,15,"70462216-050c-42f8-954e-d251629c97ea"
23.1,8.5,15.8,0.0,0.0,11.5,19.66,2024,12,16,"094d313f-6770-426b-87bc-e1988718a87c"
21.5,8.6,14.4,0.0,0.0,13.4,18.2,2024,12,17,"dbf56d69-eb82-42e0-b73b-12a8bc2a36bf"
21.7,10.7,15.4,0.0,0.0,13.7,16.94,2024,12,18,"c11aa5a6-98b6-45bc-a4e3-8fc43c3f82fd"
21.1,12.2,15.7,0.0,0.0,14.1,14.01,2024,12,19,"9efc811d-2454-4e6e-9856-785d0fd6eea5"
19.4,10.6,14.3,0.1,1.0,16.5,14.71,2024,12,20,"132b98e4-567f-43e6-b81b-ff92f7a2b614"
19.2,10.7,14.3,1.1,7.0,12.8,13.88,2024,12,21,"68d7d78a-95da-4f0b-9808-4b26a2530bc8"
15.7,9.9,12.3,7.7,8.0,12.9,14.11,2024,12,22,"e8eda574-7b71-463f-9b26-80c7d62bc5a4"
16.9,5.9,11.9,0.0,0.0,9.9,12.1,2024,12,23,"378fbe02-f467-436f-997c-9611e653cfc0"
17.3,7.4,12.5,0.0,0.0,5.4,12.75,2024,12,24,"b849bc2a-5ed7-4cdf-8414-dd9ed2a6a357"
19.2,5.1,11.8,0.1,1.0,7.5,18.18,2024,12,25,"8d46a76d-d2d6-48f0-9adb-454cf3427e7c"
19.2,4.6,11.6,0.0,0.0,10.4,19.53,2024,12,26,"ccf85551-9352-4321-8365-440bfb793103"
22.5,4.5,12.5,0.0,0.0,9.5,20.07,2024,12,27,"7dff9985-bad9-4e66-a91c-52443e06cb6b"
23.5,4.6,13.5,0.0,0.0,12.7,20.18,2024,12,28,"c3c237dd-7989-4303-b676-a9bcaf67a23b"
23.3,5.7,14.8,0.0,0.0,11.8,20.22,2024,12,29,"25130711-546d-4c33-9429-02a5ba00bf72"
22.8,5.6,15.0,0.0,0.0,8.2,20.36,2024,12,30,"c90ec9e3-3746-4db1-b1dd-25500610ee88"
23.3,6.6,15.6,0.0,0.0,14.1,20.29,2024,12,31,"434088a4-89f2-4f6d-9961-e23bc580971c"
